typeCode,freqCode,refPeriodId,refYear,refMonth,period,reporterCode,reporterISO,reporterDesc,flowCode,flowDesc,partnerCode,partnerISO,partnerDesc,partner2Code,partner2ISO,partner2Desc,classificationCode,classificationSearchCode,isOriginalClassification,cmdCode,cmdDesc,aggrLevel,isLeaf,customsCode,customsDesc,mosCode,motCode,motDesc,qtyUnitCode,qtyUnitAbbr,qty,isQtyEstimated,altQtyUnitCode,altQtyUnitAbbr,altQty,isAltQtyEstimated,netWgt,isNetWgtEstimated,grossWgt,isGrossWgtEstimated,cifvalue,fobvalue,primaryValue,legacyEstimationFlag,isReported,isAggregate
C,A,20240101,2024,52,2024,31,AZE,Azerbaijan,M,Import,0,W00,World,0,W00,World,H6,HS,TRUE,2604,Nickel ores and concentrates,4,FALSE,C00,TOTAL CPC,0,0,TOTAL MOT,8,kg,120,FALSE,8,kg,120,FALSE,120,FALSE,0,FALSE,3143.19,,3143.19,0,FALSE,TRUE
C,A,20240101,2024,52,2024,31,AZE,Azerbaijan,M,Import,792,TUR,Türkiye,0,W00,World,H6,HS,TRUE,2604,Nickel ores and concentrates,4,FALSE,C00,TOTAL CPC,0,0,TOTAL MOT,8,kg,120,FALSE,8,kg,120,FALSE,120,FALSE,0,FALSE,3143.19,,3143.19,0,FALSE,TRUE
C,A,20240101,2024,52,2024,36,AUS,Australia,M,Import,0,W00,World,0,W00,World,H6,HS,TRUE,2604,Nickel ores and concentrates,4,FALSE,C00,TOTAL CPC,0,0,TOTAL MOT,8,kg,2657621.8,FALSE,8,kg,2657621.8,FALSE,2657621.8,FALSE,4160.092,FALSE,3511089.795,3286918.767,3511089.795,0,FALSE,TRUE
C,A,20240101,2024,52,2024,36,AUS,Australia,M,Import,124,CAN,Canada,0,W00,World,H6,HS,TRUE,2604,Nickel ores and concentrates,4,FALSE,C00,TOTAL CPC,0,0,TOTAL MOT,8,kg,724,FALSE,8,kg,724,FALSE,724,FALSE,0.834,FALSE,1426.382,1051.105,1426.382,0,FALSE,TRUE
C,A,20240101,2024,52,2024,36,AUS,Australia,M,Import,246,FIN,Finland,0,W00,World,H6,HS,TRUE,2604,Nickel ores and concentrates,4,FALSE,C00,TOTAL CPC,0,0,TOTAL MOT,8,kg,2596860,FALSE,8,kg,2596860,FALSE,2596860,FALSE,4099.22,FALSE,3472909.491,3258795.934,3472909.491,0,FALSE,TRUE
C,A,20240101,2024,52,2024,36,AUS,Australia,M,Import,842,USA,USA,0,W00,World,H6,HS,TRUE,2604,Nickel ores and concentrates,4,FALSE,C00,TOTAL CPC,0,0,TOTAL MOT,8,kg,60037.8,FALSE,8,kg,60037.8,FALSE,60037.8,FALSE,60.038,FALSE,36753.921,27071.728,36753.921,0,FALSE,TRUE
C,A,20240101,2024,52,2024,56,BEL,Belgium,M,Import,0,W00,World,0,W00,World,H6,HS,TRUE,2604,Nickel ores and concentrates,4,FALSE,C00,TOTAL CPC,0,0,TOTAL MOT,8,kg,35224.43,FALSE,8,kg,35224.43,FALSE,35224.43,FALSE,0,FALSE,75692.316,,75692.316,0,FALSE,TRUE
C,A,20240101,2024,52,2024,56,BEL,Belgium,M,Import,156,CHN,China,0,W00,World,H6,HS,TRUE,2604,Nickel ores and concentrates,4,FALSE,C00,TOTAL CPC,0,0,TOTAL MOT,8,kg,10.17,FALSE,8,kg,10.17,FALSE,10.17,FALSE,0,FALSE,137.69,,137.69,0,FALSE,TRUE
C,A,20240101,2024,52,2024,56,BEL,Belgium,M,Import,360,IDN,Indonesia,0,W00,World,H6,HS,TRUE,2604,Nickel ores and concentrates,4,FALSE,C00,TOTAL CPC,0,0,TOTAL MOT,8,kg,2581.95,FALSE,8,kg,2581.95,FALSE,2581.95,FALSE,0,FALSE,5796.948,,5796.948,0,FALSE,TRUE
C,A,20240101,2024,52,2024,56,BEL,Belgium,M,Import,392,JPN,Japan,0,W00,World,H6,HS,TRUE,2604,Nickel ores and concentrates,4,FALSE,C00,TOTAL CPC,0,0,TOTAL MOT,8,kg,3837.88,FALSE,8,kg,3837.88,FALSE,3837.88,FALSE,0,FALSE,15081.857,,15081.857,0,FALSE,TRUE
C,A,20240101,2024,52,2024,56,BEL,Belgium,M,Import,458,MYS,Malaysia,0,W00,World,H6,HS,TRUE,2604,Nickel ores and concentrates,4,FALSE,C00,TOTAL CPC,0,0,TOTAL MOT,8,kg,1502.45,FALSE,8,kg,1502.45,FALSE,1502.45,FALSE,0,FALSE,3872.162,,3872.162,0,FALSE,TRUE
C,A,20240101,2024,52,2024,56,BEL,Belgium,M,Import,490,S19,"Other Asia, nes",0,W00,World,H6,HS,TRUE,2604,Nickel ores and concentrates,4,FALSE,C00,TOTAL CPC,0,0,TOTAL MOT,8,kg,477.89,FALSE,8,kg,477.89,FALSE,477.89,FALSE,0,FALSE,1442.25,,1442.25,0,FALSE,TRUE
C,A,20240101,2024,52,2024,56,BEL,Belgium,M,Import,540,NCL,New Caledonia,0,W00,World,H6,HS,TRUE,2604,Nickel ores and concentrates,4,FALSE,C00,TOTAL CPC,0,0,TOTAL MOT,8,kg,0.9,FALSE,8,kg,0.9,FALSE,0.9,FALSE,0,FALSE,145.688,,145.688,0,FALSE,TRUE
C,A,20240101,2024,52,2024,56,BEL,Belgium,M,Import,710,ZAF,South Africa,0,W00,World,H6,HS,TRUE,2604,Nickel ores and concentrates,4,FALSE,C00,TOTAL CPC,0,0,TOTAL MOT,8,kg,712.49,FALSE,8,kg,712.49,FALSE,712.49,FALSE,0,FALSE,1124.68,,1124.68,0,FALSE,TRUE
C,A,20240101,2024,52,2024,56,BEL,Belgium,M,Import,842,USA,USA,0,W00,World,H6,HS,TRUE,2604,Nickel ores and concentrates,4,FALSE,C00,TOTAL CPC,0,0,TOTAL MOT,8,kg,26100.7,FALSE,8,kg,26100.7,FALSE,26100.7,FALSE,0,FALSE,48091.041,,48091.041,0,FALSE,TRUE
C,A,20240101,2024,52,2024,68,BOL,Bolivia (Plurinational State of),M,Import,0,W00,World,0,W00,World,H6,HS,TRUE,2604,Nickel ores and concentrates,4,FALSE,C00,TOTAL CPC,0,0,TOTAL MOT,-1,N/A,0,FALSE,-1,N/A,0,FALSE,,FALSE,20,FALSE,229,202,229,0,FALSE,TRUE
C,A,20240101,2024,52,2024,68,BOL,Bolivia (Plurinational State of),M,Import,76,BRA,Brazil,0,W00,World,H6,HS,TRUE,2604,Nickel ores and concentrates,4,FALSE,C00,TOTAL CPC,0,0,TOTAL MOT,-1,N/A,0,FALSE,-1,N/A,0,FALSE,,FALSE,19,FALSE,183,158,183,0,FALSE,TRUE
C,A,20240101,2024,52,2024,68,BOL,Bolivia (Plurinational State of),M,Import,842,USA,USA,0,W00,World,H6,HS,TRUE,2604,Nickel ores and concentrates,4,FALSE,C00,TOTAL CPC,0,0,TOTAL MOT,-1,N/A,0,FALSE,-1,N/A,0,FALSE,,FALSE,1,FALSE,46,44,46,0,FALSE,TRUE
C,A,20240101,2024,52,2024,76,BRA,Brazil,M,Import,0,W00,World,0,W00,World,H6,HS,TRUE,2604,Nickel ores and concentrates,4,FALSE,C00,TOTAL CPC,0,0,TOTAL MOT,8,kg,590876.163,TRUE,-1,N/A,0,FALSE,590876.163,TRUE,0,FALSE,2569732,2521461,2569732,6,FALSE,TRUE
C,A,20240101,2024,52,2024,76,BRA,Brazil,M,Import,124,CAN,Canada,0,W00,World,H6,HS,TRUE,2604,Nickel ores and concentrates,4,FALSE,C00,TOTAL CPC,0,0,TOTAL MOT,8,kg,195534,FALSE,8,kg,195534,FALSE,195534,FALSE,0,FALSE,1059662,1043644,1059662,0,FALSE,TRUE
C,A,20240101,2024,52,2024,76,BRA,Brazil,M,Import,458,MYS,Malaysia,0,W00,World,H6,HS,TRUE,2604,Nickel ores and concentrates,4,FALSE,C00,TOTAL CPC,0,0,TOTAL MOT,8,kg,47688,FALSE,8,kg,47688,FALSE,47688,FALSE,0,FALSE,140429,126237,140429,0,FALSE,TRUE
C,A,20240101,2024,52,2024,76,BRA,Brazil,M,Import,528,NLD,Netherlands,0,W00,World,H6,HS,TRUE,2604,Nickel ores and concentrates,4,FALSE,C00,TOTAL CPC,0,0,TOTAL MOT,8,kg,250,FALSE,8,kg,250,FALSE,250,FALSE,0,FALSE,1164,1138,1164,0,FALSE,TRUE
C,A,20240101,2024,52,2024,76,BRA,Brazil,M,Import,702,SGP,Singapore,0,W00,World,H6,HS,TRUE,2604,Nickel ores and concentrates,4,FALSE,C00,TOTAL CPC,0,0,TOTAL MOT,8,kg,18233,FALSE,8,kg,18233,FALSE,18233,FALSE,0,FALSE,69592,67389,69592,0,FALSE,TRUE
C,A,20240101,2024,52,2024,76,BRA,Brazil,M,Import,704,VNM,Viet Nam,0,W00,World,H6,HS,TRUE,2604,Nickel ores and concentrates,4,FALSE,C00,TOTAL CPC,0,0,TOTAL MOT,8,kg,266737,FALSE,8,kg,266737,FALSE,266737,FALSE,0,FALSE,1186649,1175366,1186649,0,FALSE,TRUE
C,A,20240101,2024,52,2024,76,BRA,Brazil,M,Import,724,ESP,Spain,0,W00,World,H6,HS,TRUE,2604,Nickel ores and concentrates,4,FALSE,C00,TOTAL CPC,0,0,TOTAL MOT,8,kg,40.699,TRUE,-1,N/A,0,FALSE,40.699,TRUE,0,FALSE,177,175,177,6,FALSE,TRUE
C,A,20240101,2024,52,2024,76,BRA,Brazil,M,Import,842,USA,USA,0,W00,World,H6,HS,TRUE,2604,Nickel ores and concentrates,4,FALSE,C00,TOTAL CPC,0,0,TOTAL MOT,8,kg,62393.464,TRUE,-1,N/A,0,FALSE,62393.464,TRUE,0,FALSE,112059,107512,112059,6,FALSE,TRUE
C,A,20240101,2024,52,2024,116,KHM,Cambodia,M,Import,0,W00,World,0,W00,World,H6,HS,TRUE,2604,Nickel ores and concentrates,4,FALSE,C00,TOTAL CPC,0,0,TOTAL MOT,8,kg,1281730,FALSE,8,kg,1281730,FALSE,1281730,FALSE,0,FALSE,512692,,512692,0,FALSE,TRUE
C,A,20240101,2024,52,2024,116,KHM,Cambodia,M,Import,156,CHN,China,0,W00,World,H6,HS,TRUE,2604,Nickel ores and concentrates,4,FALSE,C00,TOTAL CPC,0,0,TOTAL MOT,8,kg,789730,FALSE,8,kg,789730,FALSE,789730,FALSE,0,FALSE,315892,,315892,0,FALSE,TRUE
C,A,20240101,2024,52,2024,116,KHM,Cambodia,M,Import,490,S19,"Other Asia, nes",0,W00,World,H6,HS,TRUE,2604,Nickel ores and concentrates,4,FALSE,C00,TOTAL CPC,0,0,TOTAL MOT,8,kg,492000,FALSE,8,kg,492000,FALSE,492000,FALSE,0,FALSE,196800,,196800,0,FALSE,TRUE
C,A,20240101,2024,52,2024,124,CAN,Canada,M,Import,0,W00,World,0,W00,World,H6,HS,TRUE,2604,Nickel ores and concentrates,4,FALSE,C00,TOTAL CPC,0,0,TOTAL MOT,8,kg,48388817.41,TRUE,-1,N/A,0,FALSE,48388817.41,TRUE,0,FALSE,,330622842.5,330622842.5,6,FALSE,TRUE
C,A,20240101,2024,52,2024,124,CAN,Canada,M,Import,36,AUS,Australia,0,W00,World,H6,HS,TRUE,2604,Nickel ores and concentrates,4,FALSE,C00,TOTAL CPC,0,0,TOTAL MOT,8,kg,358.929,TRUE,-1,N/A,0,FALSE,358.929,TRUE,0,FALSE,,430.272,430.272,6,FALSE,TRUE
C,A,20240101,2024,52,2024,124,CAN,Canada,M,Import,72,BWA,Botswana,0,W00,World,H6,HS,TRUE,2604,Nickel ores and concentrates,4,FALSE,C00,TOTAL CPC,0,0,TOTAL MOT,8,kg,1166,FALSE,8,kg,1166,FALSE,1166,FALSE,0,FALSE,,14040.276,14040.276,0,FALSE,TRUE
C,A,20240101,2024,52,2024,124,CAN,Canada,M,Import,76,BRA,Brazil,0,W00,World,H6,HS,TRUE,2604,Nickel ores and concentrates,4,FALSE,C00,TOTAL CPC,0,0,TOTAL MOT,8,kg,3714902,FALSE,8,kg,3714902,FALSE,3714902,FALSE,0,FALSE,,35410270.64,35410270.64,0,FALSE,TRUE
C,A,20240101,2024,52,2024,124,CAN,Canada,M,Import,152,CHL,Chile,0,W00,World,H6,HS,TRUE,2604,Nickel ores and concentrates,4,FALSE,C00,TOTAL CPC,0,0,TOTAL MOT,8,kg,7,FALSE,8,kg,7,FALSE,7,FALSE,0,FALSE,,134.725,134.725,0,FALSE,TRUE
C,A,20240101,2024,52,2024,124,CAN,Canada,M,Import,156,CHN,China,0,W00,World,H6,HS,TRUE,2604,Nickel ores and concentrates,4,FALSE,C00,TOTAL CPC,0,0,TOTAL MOT,8,kg,4.445,TRUE,-1,N/A,0,FALSE,4.445,TRUE,0,FALSE,,28.92,28.92,6,FALSE,TRUE
C,A,20240101,2024,52,2024,124,CAN,Canada,M,Import,246,FIN,Finland,0,W00,World,H6,HS,TRUE,2604,Nickel ores and concentrates,4,FALSE,C00,TOTAL CPC,0,0,TOTAL MOT,8,kg,5358848.103,TRUE,-1,N/A,0,FALSE,5358848.103,TRUE,0,FALSE,,82132809.08,82132809.08,6,FALSE,TRUE
C,A,20240101,2024,52,2024,124,CAN,Canada,M,Import,540,NCL,New Caledonia,0,W00,World,H6,HS,TRUE,2604,Nickel ores and concentrates,4,FALSE,C00,TOTAL CPC,0,0,TOTAL MOT,8,kg,5,FALSE,8,kg,5,FALSE,5,FALSE,0,FALSE,,47.965,47.965,0,FALSE,TRUE
C,A,20240101,2024,52,2024,124,CAN,Canada,M,Import,688,SRB,Serbia,0,W00,World,H6,HS,TRUE,2604,Nickel ores and concentrates,4,FALSE,C00,TOTAL CPC,0,0,TOTAL MOT,8,kg,0.103,TRUE,-1,N/A,0,FALSE,0.103,TRUE,0,FALSE,,0.705,0.705,6,FALSE,TRUE
C,A,20240101,2024,52,2024,124,CAN,Canada,M,Import,710,ZAF,South Africa,0,W00,World,H6,HS,TRUE,2604,Nickel ores and concentrates,4,FALSE,C00,TOTAL CPC,0,0,TOTAL MOT,8,kg,4.826,TRUE,-1,N/A,0,FALSE,4.826,TRUE,0,FALSE,,15.518,15.518,6,FALSE,TRUE
C,A,20240101,2024,52,2024,124,CAN,Canada,M,Import,757,CHE,Switzerland,0,W00,World,H6,HS,TRUE,2604,Nickel ores and concentrates,4,FALSE,C00,TOTAL CPC,0,0,TOTAL MOT,8,kg,2035320,FALSE,8,kg,2035320,FALSE,2035320,FALSE,0,FALSE,,27151028.26,27151028.26,0,FALSE,TRUE
C,A,20240101,2024,52,2024,124,CAN,Canada,M,Import,792,TUR,Türkiye,0,W00,World,H6,HS,TRUE,2604,Nickel ores and concentrates,4,FALSE,C00,TOTAL CPC,0,0,TOTAL MOT,8,kg,10,FALSE,8,kg,10,FALSE,10,FALSE,0,FALSE,,157.296,157.296,0,FALSE,TRUE
C,A,20240101,2024,52,2024,124,CAN,Canada,M,Import,842,USA,USA,0,W00,World,H6,HS,TRUE,2604,Nickel ores and concentrates,4,FALSE,C00,TOTAL CPC,0,0,TOTAL MOT,8,kg,33437351,FALSE,8,kg,33437351,FALSE,33437351,FALSE,0,FALSE,,117223429.1,117223429.1,0,FALSE,TRUE
C,A,20240101,2024,52,2024,124,CAN,Canada,M,Import,894,ZMB,Zambia,0,W00,World,H6,HS,TRUE,2604,Nickel ores and concentrates,4,FALSE,C00,TOTAL CPC,0,0,TOTAL MOT,8,kg,3840840,FALSE,8,kg,3840840,FALSE,3840840,FALSE,0,FALSE,,68690449.74,68690449.74,0,FALSE,TRUE
C,A,20240101,2024,52,2024,136,CYM,Cayman Isds,M,Import,0,W00,World,0,W00,World,H5,HS,TRUE,2604,Nickel ores and concentrates,4,FALSE,C00,TOTAL CPC,0,0,TOTAL MOT,-1,N/A,0,FALSE,-1,N/A,0,FALSE,,FALSE,0,FALSE,5111.366,,5111.366,0,FALSE,TRUE
C,A,20240101,2024,52,2024,136,CYM,Cayman Isds,M,Import,842,USA,USA,0,W00,World,H5,HS,TRUE,2604,Nickel ores and concentrates,4,FALSE,C00,TOTAL CPC,0,0,TOTAL MOT,-1,N/A,0,FALSE,-1,N/A,0,FALSE,,FALSE,0,FALSE,5111.366,,5111.366,0,FALSE,TRUE
C,A,20240101,2024,52,2024,152,CHL,Chile,M,Import,0,W00,World,0,W00,World,H6,HS,TRUE,2604,Nickel ores and concentrates,4,FALSE,C00,TOTAL CPC,0,0,TOTAL MOT,8,kg,5.68,FALSE,8,kg,5.68,FALSE,5.68,FALSE,0,FALSE,225.32,55.96,225.32,0,FALSE,TRUE
C,A,20240101,2024,52,2024,152,CHL,Chile,M,Import,76,BRA,Brazil,0,W00,World,H6,HS,TRUE,2604,Nickel ores and concentrates,4,FALSE,C00,TOTAL CPC,0,0,TOTAL MOT,8,kg,1,FALSE,8,kg,1,FALSE,1,FALSE,0,FALSE,110.7,10.04,110.7,0,FALSE,TRUE
C,A,20240101,2024,52,2024,152,CHL,Chile,M,Import,528,NLD,Netherlands,0,W00,World,H6,HS,TRUE,2604,Nickel ores and concentrates,4,FALSE,C00,TOTAL CPC,0,0,TOTAL MOT,8,kg,3.68,FALSE,8,kg,3.68,FALSE,3.68,FALSE,0,FALSE,44.93,42.92,44.93,0,FALSE,TRUE
C,A,20240101,2024,52,2024,152,CHL,Chile,M,Import,699,IND,India,0,W00,World,H6,HS,TRUE,2604,Nickel ores and concentrates,4,FALSE,C00,TOTAL CPC,0,0,TOTAL MOT,8,kg,1,FALSE,8,kg,1,FALSE,1,FALSE,0,FALSE,69.69,3,69.69,0,FALSE,TRUE
C,A,20240101,2024,52,2024,156,CHN,China,M,Import,0,W00,World,0,W00,World,H6,HS,TRUE,2604,Nickel ores and concentrates,4,FALSE,C00,TOTAL CPC,0,0,TOTAL MOT,8,kg,37911887569,FALSE,8,kg,37911887569,FALSE,37911887569,FALSE,0,FALSE,2666790723,,2666790723,0,FALSE,TRUE
C,A,20240101,2024,52,2024,156,CHN,China,M,Import,36,AUS,Australia,0,W00,World,H6,HS,TRUE,2604,Nickel ores and concentrates,4,FALSE,C00,TOTAL CPC,0,0,TOTAL MOT,8,kg,84598707,FALSE,8,kg,84598707,FALSE,84598707,FALSE,0,FALSE,161429035,,161429035,0,FALSE,TRUE
C,A,20240101,2024,52,2024,156,CHN,China,M,Import,76,BRA,Brazil,0,W00,World,H6,HS,TRUE,2604,Nickel ores and concentrates,4,FALSE,C00,TOTAL CPC,0,0,TOTAL MOT,8,kg,39922790,FALSE,8,kg,39922790,FALSE,39922790,FALSE,0,FALSE,89294957,,89294957,0,FALSE,TRUE
C,A,20240101,2024,52,2024,156,CHN,China,M,Import,90,SLB,Solomon Isds,0,W00,World,H6,HS,TRUE,2604,Nickel ores and concentrates,4,FALSE,C00,TOTAL CPC,0,0,TOTAL MOT,8,kg,497589700,FALSE,8,kg,497589700,FALSE,497589700,FALSE,0,FALSE,38975398,,38975398,0,FALSE,TRUE
C,A,20240101,2024,52,2024,156,CHN,China,M,Import,124,CAN,Canada,0,W00,World,H6,HS,TRUE,2604,Nickel ores and concentrates,4,FALSE,C00,TOTAL CPC,0,0,TOTAL MOT,8,kg,321793,FALSE,8,kg,321793,FALSE,321793,FALSE,0,FALSE,477819,,477819,0,FALSE,TRUE
C,A,20240101,2024,52,2024,156,CHN,China,M,Import,320,GTM,Guatemala,0,W00,World,H6,HS,TRUE,2604,Nickel ores and concentrates,4,FALSE,C00,TOTAL CPC,0,0,TOTAL MOT,8,kg,267191420,FALSE,8,kg,267191420,FALSE,267191420,FALSE,0,FALSE,34750983,,34750983,0,FALSE,TRUE
C,A,20240101,2024,52,2024,156,CHN,China,M,Import,324,GIN,Guinea,0,W00,World,H6,HS,TRUE,2604,Nickel ores and concentrates,4,FALSE,C00,TOTAL CPC,0,0,TOTAL MOT,8,kg,15,FALSE,8,kg,15,FALSE,15,FALSE,0,FALSE,180,,180,0,FALSE,TRUE
C,A,20240101,2024,52,2024,156,CHN,China,M,Import,360,IDN,Indonesia,0,W00,World,H6,HS,TRUE,2604,Nickel ores and concentrates,4,FALSE,C00,TOTAL CPC,0,0,TOTAL MOT,8,kg,80,FALSE,8,kg,80,FALSE,80,FALSE,0,FALSE,947,,947,0,FALSE,TRUE
C,A,20240101,2024,52,2024,156,CHN,China,M,Import,384,CIV,Côte d'Ivoire,0,W00,World,H6,HS,TRUE,2604,Nickel ores and concentrates,4,FALSE,C00,TOTAL CPC,0,0,TOTAL MOT,8,kg,1067857800,FALSE,8,kg,1067857800,FALSE,1067857800,FALSE,0,FALSE,130520850,,130520850,0,FALSE,TRUE
C,A,20240101,2024,52,2024,156,CHN,China,M,Import,540,NCL,New Caledonia,0,W00,World,H6,HS,TRUE,2604,Nickel ores and concentrates,4,FALSE,C00,TOTAL CPC,0,0,TOTAL MOT,8,kg,1287994300,FALSE,8,kg,1287994300,FALSE,1287994300,FALSE,0,FALSE,111447773,,111447773,0,FALSE,TRUE
C,A,20240101,2024,52,2024,156,CHN,China,M,Import,558,NIC,Nicaragua,0,W00,World,H6,HS,TRUE,2604,Nickel ores and concentrates,4,FALSE,C00,TOTAL CPC,0,0,TOTAL MOT,8,kg,1,FALSE,8,kg,1,FALSE,1,FALSE,0,FALSE,164,,164,0,FALSE,TRUE
C,A,20240101,2024,52,2024,156,CHN,China,M,Import,598,PNG,Papua New Guinea,0,W00,World,H6,HS,TRUE,2604,Nickel ores and concentrates,4,FALSE,C00,TOTAL CPC,0,0,TOTAL MOT,8,kg,51,FALSE,8,kg,51,FALSE,51,FALSE,0,FALSE,2766,,2766,0,FALSE,TRUE
C,A,20240101,2024,52,2024,156,CHN,China,M,Import,608,PHL,Philippines,0,W00,World,H6,HS,TRUE,2604,Nickel ores and concentrates,4,FALSE,C00,TOTAL CPC,0,0,TOTAL MOT,8,kg,34308338000,FALSE,8,kg,34308338000,FALSE,34308338000,FALSE,0,FALSE,1597758356,,1597758356,0,FALSE,TRUE
C,A,20240101,2024,52,2024,156,CHN,China,M,Import,643,RUS,Russian Federation,0,W00,World,H6,HS,TRUE,2604,Nickel ores and concentrates,4,FALSE,C00,TOTAL CPC,0,0,TOTAL MOT,8,kg,236558510,FALSE,8,kg,236558510,FALSE,236558510,FALSE,0,FALSE,320940049,,320940049,0,FALSE,TRUE
C,A,20240101,2024,52,2024,156,CHN,China,M,Import,704,VNM,Viet Nam,0,W00,World,H6,HS,TRUE,2604,Nickel ores and concentrates,4,FALSE,C00,TOTAL CPC,0,0,TOTAL MOT,8,kg,50141940,FALSE,8,kg,50141940,FALSE,50141940,FALSE,0,FALSE,64884037,,64884037,0,FALSE,TRUE
C,A,20240101,2024,52,2024,156,CHN,China,M,Import,710,ZAF,South Africa,0,W00,World,H6,HS,TRUE,2604,Nickel ores and concentrates,4,FALSE,C00,TOTAL CPC,0,0,TOTAL MOT,8,kg,25480,FALSE,8,kg,25480,FALSE,25480,FALSE,0,FALSE,39149,,39149,0,FALSE,TRUE
C,A,20240101,2024,52,2024,156,CHN,China,M,Import,716,ZWE,Zimbabwe,0,W00,World,H6,HS,TRUE,2604,Nickel ores and concentrates,4,FALSE,C00,TOTAL CPC,0,0,TOTAL MOT,8,kg,1569992,FALSE,8,kg,1569992,FALSE,1569992,FALSE,0,FALSE,1722032,,1722032,0,FALSE,TRUE
C,A,20240101,2024,52,2024,156,CHN,China,M,Import,834,TZA,United Rep. of Tanzania,0,W00,World,H6,HS,TRUE,2604,Nickel ores and concentrates,4,FALSE,C00,TOTAL CPC,0,0,TOTAL MOT,8,kg,22352390,FALSE,8,kg,22352390,FALSE,22352390,FALSE,0,FALSE,12421275,,12421275,0,FALSE,TRUE
C,A,20240101,2024,52,2024,156,CHN,China,M,Import,894,ZMB,Zambia,0,W00,World,H6,HS,TRUE,2604,Nickel ores and concentrates,4,FALSE,C00,TOTAL CPC,0,0,TOTAL MOT,8,kg,47424600,FALSE,8,kg,47424600,FALSE,47424600,FALSE,0,FALSE,102124953,,102124953,0,FALSE,TRUE
C,A,20240101,2024,52,2024,170,COL,Colombia,M,Import,0,W00,World,0,W00,World,H6,HS,TRUE,2604,Nickel ores and concentrates,4,FALSE,C00,TOTAL CPC,0,0,TOTAL MOT,8,kg,59587300,FALSE,8,kg,59587300,FALSE,59587300,FALSE,0,FALSE,3104066.06,,3104066.06,0,FALSE,TRUE
C,A,20240101,2024,52,2024,170,COL,Colombia,M,Import,320,GTM,Guatemala,0,W00,World,H6,HS,TRUE,2604,Nickel ores and concentrates,4,FALSE,C00,TOTAL CPC,0,0,TOTAL MOT,8,kg,59587300,FALSE,8,kg,59587300,FALSE,59587300,FALSE,0,FALSE,3104066.06,,3104066.06,0,FALSE,TRUE
C,A,20240101,2024,52,2024,188,CRI,Costa Rica,M,Import,0,W00,World,0,W00,World,H6,HS,TRUE,2604,Nickel ores and concentrates,4,FALSE,C00,TOTAL CPC,0,0,TOTAL MOT,8,kg,75.99,FALSE,8,kg,75.99,FALSE,75.99,FALSE,0,FALSE,645.55,,645.55,0,FALSE,TRUE
C,A,20240101,2024,52,2024,188,CRI,Costa Rica,M,Import,842,USA,USA,0,W00,World,H6,HS,TRUE,2604,Nickel ores and concentrates,4,FALSE,C00,TOTAL CPC,0,0,TOTAL MOT,8,kg,75.99,FALSE,8,kg,75.99,FALSE,75.99,FALSE,0,FALSE,645.55,,645.55,0,FALSE,TRUE
C,A,20240101,2024,52,2024,203,CZE,Czechia,M,Import,0,W00,World,0,W00,World,H6,HS,TRUE,2604,Nickel ores and concentrates,4,FALSE,C00,TOTAL CPC,0,0,TOTAL MOT,-1,N/A,0,FALSE,-1,N/A,0,FALSE,,FALSE,0,FALSE,175,168,175,0,FALSE,TRUE
C,A,20240101,2024,52,2024,203,CZE,Czechia,M,Import,842,USA,USA,0,W00,World,H6,HS,TRUE,2604,Nickel ores and concentrates,4,FALSE,C00,TOTAL CPC,0,0,TOTAL MOT,-1,N/A,0,FALSE,-1,N/A,0,FALSE,,FALSE,0,FALSE,175,168,175,0,FALSE,TRUE
C,A,20240101,2024,52,2024,208,DNK,Denmark,M,Import,0,W00,World,0,W00,World,H6,HS,TRUE,2604,Nickel ores and concentrates,4,FALSE,C00,TOTAL CPC,0,0,TOTAL MOT,8,kg,14,FALSE,8,kg,14,FALSE,14,FALSE,0,FALSE,2685.046,,2685.046,0,FALSE,TRUE
C,A,20240101,2024,52,2024,208,DNK,Denmark,M,Import,156,CHN,China,0,W00,World,H6,HS,TRUE,2604,Nickel ores and concentrates,4,FALSE,C00,TOTAL CPC,0,0,TOTAL MOT,8,kg,3,FALSE,8,kg,3,FALSE,3,FALSE,0,FALSE,837.191,,837.191,0,FALSE,TRUE
C,A,20240101,2024,52,2024,208,DNK,Denmark,M,Import,842,USA,USA,0,W00,World,H6,HS,TRUE,2604,Nickel ores and concentrates,4,FALSE,C00,TOTAL CPC,0,0,TOTAL MOT,8,kg,10,FALSE,8,kg,10,FALSE,10,FALSE,0,FALSE,1695.414,,1695.414,0,FALSE,TRUE
C,A,20240101,2024,52,2024,208,DNK,Denmark,M,Import,899,_X ,"Areas, nes",0,W00,World,H6,HS,TRUE,2604,Nickel ores and concentrates,4,FALSE,C00,TOTAL CPC,0,0,TOTAL MOT,8,kg,1,FALSE,8,kg,1,FALSE,1,FALSE,0,FALSE,152.441,,152.441,0,FALSE,TRUE
C,A,20240101,2024,52,2024,218,ECU,Ecuador,M,Import,0,W00,World,0,W00,World,H6,HS,TRUE,2604,Nickel ores and concentrates,4,FALSE,C00,TOTAL CPC,0,0,TOTAL MOT,8,kg,1,FALSE,8,kg,1,FALSE,1.28,FALSE,0,FALSE,31.67,20,31.67,0,FALSE,TRUE
C,A,20240101,2024,52,2024,218,ECU,Ecuador,M,Import,842,USA,USA,0,W00,World,H6,HS,TRUE,2604,Nickel ores and concentrates,4,FALSE,C00,TOTAL CPC,0,0,TOTAL MOT,8,kg,1,FALSE,8,kg,1,FALSE,1.28,FALSE,0,FALSE,31.67,20,31.67,0,FALSE,TRUE
C,A,20240101,2024,52,2024,246,FIN,Finland,M,Import,0,W00,World,0,W00,World,H6,HS,TRUE,2604,Nickel ores and concentrates,4,FALSE,C00,TOTAL CPC,0,0,TOTAL MOT,8,kg,186578182,TRUE,-1,N/A,0,FALSE,186578182,TRUE,0,FALSE,293602604.1,,293602604.1,6,FALSE,TRUE
C,A,20240101,2024,52,2024,246,FIN,Finland,M,Import,36,AUS,Australia,0,W00,World,H6,HS,TRUE,2604,Nickel ores and concentrates,4,FALSE,C00,TOTAL CPC,0,0,TOTAL MOT,8,kg,434,FALSE,8,kg,434,FALSE,434,FALSE,0,FALSE,113520.49,,113520.49,0,FALSE,TRUE
C,A,20240101,2024,52,2024,246,FIN,Finland,M,Import,76,BRA,Brazil,0,W00,World,H6,HS,TRUE,2604,Nickel ores and concentrates,4,FALSE,C00,TOTAL CPC,0,0,TOTAL MOT,8,kg,40419200,FALSE,8,kg,40419200,FALSE,40419200,FALSE,0,FALSE,71573477.67,,71573477.67,0,FALSE,TRUE
C,A,20240101,2024,52,2024,246,FIN,Finland,M,Import,124,CAN,Canada,0,W00,World,H6,HS,TRUE,2604,Nickel ores and concentrates,4,FALSE,C00,TOTAL CPC,0,0,TOTAL MOT,8,kg,73886300,FALSE,8,kg,73886300,FALSE,73886300,FALSE,0,FALSE,105575418.2,,105575418.2,0,FALSE,TRUE
C,A,20240101,2024,52,2024,246,FIN,Finland,M,Import,156,CHN,China,0,W00,World,H6,HS,TRUE,2604,Nickel ores and concentrates,4,FALSE,C00,TOTAL CPC,0,0,TOTAL MOT,8,kg,99.991,TRUE,-1,N/A,0,FALSE,99.991,TRUE,0,FALSE,56.585,,56.585,6,FALSE,TRUE
C,A,20240101,2024,52,2024,246,FIN,Finland,M,Import,579,NOR,Norway,0,W00,World,H6,HS,TRUE,2604,Nickel ores and concentrates,4,FALSE,C00,TOTAL CPC,0,0,TOTAL MOT,8,kg,5685540,FALSE,8,kg,5685540,FALSE,5685540,FALSE,0,FALSE,1797985.84,,1797985.84,0,FALSE,TRUE
C,A,20240101,2024,52,2024,246,FIN,Finland,M,Import,699,IND,India,0,W00,World,H6,HS,TRUE,2604,Nickel ores and concentrates,4,FALSE,C00,TOTAL CPC,0,0,TOTAL MOT,8,kg,24000,FALSE,8,kg,24000,FALSE,24000,FALSE,0,FALSE,429186.547,,429186.547,0,FALSE,TRUE
C,A,20240101,2024,52,2024,246,FIN,Finland,M,Import,710,ZAF,South Africa,0,W00,World,H6,HS,TRUE,2604,Nickel ores and concentrates,4,FALSE,C00,TOTAL CPC,0,0,TOTAL MOT,8,kg,34936200,FALSE,8,kg,34936200,FALSE,34936200,FALSE,0,FALSE,55153216.69,,55153216.69,0,FALSE,TRUE
C,A,20240101,2024,52,2024,246,FIN,Finland,M,Import,826,GBR,United Kingdom,0,W00,World,H6,HS,TRUE,2604,Nickel ores and concentrates,4,FALSE,C00,TOTAL CPC,0,0,TOTAL MOT,8,kg,4,FALSE,8,kg,4,FALSE,4,FALSE,0,FALSE,7.335,,7.335,0,FALSE,TRUE
C,A,20240101,2024,52,2024,246,FIN,Finland,M,Import,842,USA,USA,0,W00,World,H6,HS,TRUE,2604,Nickel ores and concentrates,4,FALSE,C00,TOTAL CPC,0,0,TOTAL MOT,8,kg,4,FALSE,8,kg,4,FALSE,4,FALSE,0,FALSE,386.666,,386.666,0,FALSE,TRUE
C,A,20240101,2024,52,2024,246,FIN,Finland,M,Import,894,ZMB,Zambia,0,W00,World,H6,HS,TRUE,2604,Nickel ores and concentrates,4,FALSE,C00,TOTAL CPC,0,0,TOTAL MOT,8,kg,31626400,FALSE,8,kg,31626400,FALSE,31626400,FALSE,0,FALSE,58959348.08,,58959348.08,0,FALSE,TRUE
C,A,20240101,2024,52,2024,251,FRA,France,M,Import,0,W00,World,0,W00,World,H6,HS,TRUE,2604,Nickel ores and concentrates,4,FALSE,C00,TOTAL CPC,0,0,TOTAL MOT,-1,N/A,0,FALSE,-1,N/A,0,FALSE,,FALSE,0,FALSE,70995.499,,70995.499,0,FALSE,TRUE
C,A,20240101,2024,52,2024,251,FRA,France,M,Import,276,DEU,Germany,0,W00,World,H6,HS,TRUE,2604,Nickel ores and concentrates,4,FALSE,C00,TOTAL CPC,0,0,TOTAL MOT,8,kg,4294.539,TRUE,-1,N/A,0,FALSE,4294.539,TRUE,0,FALSE,20362.824,,20362.824,6,FALSE,TRUE
C,A,20240101,2024,52,2024,251,FRA,France,M,Import,643,RUS,Russian Federation,0,W00,World,H6,HS,TRUE,2604,Nickel ores and concentrates,4,FALSE,C00,TOTAL CPC,0,0,TOTAL MOT,-1,N/A,0,FALSE,-1,N/A,0,FALSE,,FALSE,0,FALSE,29635.577,,29635.577,0,FALSE,TRUE
C,A,20240101,2024,52,2024,251,FRA,France,M,Import,804,UKR,Ukraine,0,W00,World,H6,HS,TRUE,2604,Nickel ores and concentrates,4,FALSE,C00,TOTAL CPC,0,0,TOTAL MOT,8,kg,90,FALSE,8,kg,90,FALSE,90,FALSE,0,FALSE,588.815,,588.815,0,FALSE,TRUE
C,A,20240101,2024,52,2024,251,FRA,France,M,Import,826,GBR,United Kingdom,0,W00,World,H6,HS,TRUE,2604,Nickel ores and concentrates,4,FALSE,C00,TOTAL CPC,0,0,TOTAL MOT,8,kg,2.709,TRUE,-1,N/A,0,FALSE,2.709,TRUE,0,FALSE,268.43,,268.43,6,FALSE,TRUE
C,A,20240101,2024,52,2024,251,FRA,France,M,Import,842,USA,USA,0,W00,World,H6,HS,TRUE,2604,Nickel ores and concentrates,4,FALSE,C00,TOTAL CPC,0,0,TOTAL MOT,8,kg,98.181,TRUE,-1,N/A,0,FALSE,98.181,TRUE,0,FALSE,19872.505,,19872.505,6,FALSE,TRUE
C,A,20240101,2024,52,2024,251,FRA,France,M,Import,899,_X ,"Areas, nes",0,W00,World,H6,HS,TRUE,2604,Nickel ores and concentrates,4,FALSE,C00,TOTAL CPC,0,0,TOTAL MOT,8,kg,29.182,TRUE,-1,N/A,0,FALSE,29.182,TRUE,0,FALSE,267.348,,267.348,6,FALSE,TRUE
C,A,20240101,2024,52,2024,276,DEU,Germany,M,Import,0,W00,World,0,W00,World,H6,HS,TRUE,2604,Nickel ores and concentrates,4,FALSE,C00,TOTAL CPC,0,0,TOTAL MOT,8,kg,1102280,FALSE,8,kg,1102280,FALSE,1102280,FALSE,0,FALSE,3588675.71,,3588675.71,0,FALSE,TRUE
C,A,20240101,2024,52,2024,276,DEU,Germany,M,Import,360,IDN,Indonesia,0,W00,World,H6,HS,TRUE,2604,Nickel ores and concentrates,4,FALSE,C00,TOTAL CPC,0,0,TOTAL MOT,8,kg,161856,FALSE,8,kg,161856,FALSE,161856,FALSE,0,FALSE,684855.671,,684855.671,0,FALSE,TRUE
C,A,20240101,2024,52,2024,276,DEU,Germany,M,Import,392,JPN,Japan,0,W00,World,H6,HS,TRUE,2604,Nickel ores and concentrates,4,FALSE,C00,TOTAL CPC,0,0,TOTAL MOT,8,kg,37892,FALSE,8,kg,37892,FALSE,37892,FALSE,0,FALSE,143950.107,,143950.107,0,FALSE,TRUE
C,A,20240101,2024,52,2024,276,DEU,Germany,M,Import,458,MYS,Malaysia,0,W00,World,H6,HS,TRUE,2604,Nickel ores and concentrates,4,FALSE,C00,TOTAL CPC,0,0,TOTAL MOT,8,kg,633023,FALSE,8,kg,633023,FALSE,633023,FALSE,0,FALSE,1998163.084,,1998163.084,0,FALSE,TRUE
C,A,20240101,2024,52,2024,276,DEU,Germany,M,Import,490,S19,"Other Asia, nes",0,W00,World,H6,HS,TRUE,2604,Nickel ores and concentrates,4,FALSE,C00,TOTAL CPC,0,0,TOTAL MOT,8,kg,89556,FALSE,8,kg,89556,FALSE,89556,FALSE,0,FALSE,480805.307,,480805.307,0,FALSE,TRUE
C,A,20240101,2024,52,2024,276,DEU,Germany,M,Import,702,SGP,Singapore,0,W00,World,H6,HS,TRUE,2604,Nickel ores and concentrates,4,FALSE,C00,TOTAL CPC,0,0,TOTAL MOT,8,kg,26763,FALSE,8,kg,26763,FALSE,26763,FALSE,0,FALSE,96417.369,,96417.369,0,FALSE,TRUE
C,A,20240101,2024,52,2024,276,DEU,Germany,M,Import,764,THA,Thailand,0,W00,World,H6,HS,TRUE,2604,Nickel ores and concentrates,4,FALSE,C00,TOTAL CPC,0,0,TOTAL MOT,8,kg,153190,FALSE,8,kg,153190,FALSE,153190,FALSE,0,FALSE,184484.173,,184484.173,0,FALSE,TRUE
C,A,20240101,2024,52,2024,300,GRC,Greece,M,Import,0,W00,World,0,W00,World,H6,HS,TRUE,2604,Nickel ores and concentrates,4,FALSE,C00,TOTAL CPC,0,0,TOTAL MOT,8,kg,105708,FALSE,8,kg,105708,FALSE,105708,FALSE,0,FALSE,333918.701,,333918.701,0,FALSE,TRUE
C,A,20240101,2024,52,2024,300,GRC,Greece,M,Import,528,NLD,Netherlands,0,W00,World,H6,HS,TRUE,2604,Nickel ores and concentrates,4,FALSE,C00,TOTAL CPC,0,0,TOTAL MOT,8,kg,56639,FALSE,8,kg,56639,FALSE,56639,FALSE,0,FALSE,176076.241,,176076.241,0,FALSE,TRUE
C,A,20240101,2024,52,2024,300,GRC,Greece,M,Import,616,POL,Poland,0,W00,World,H6,HS,TRUE,2604,Nickel ores and concentrates,4,FALSE,C00,TOTAL CPC,0,0,TOTAL MOT,8,kg,49069,FALSE,8,kg,49069,FALSE,49069,FALSE,0,FALSE,157842.46,,157842.46,0,FALSE,TRUE
C,A,20240101,2024,52,2024,320,GTM,Guatemala,M,Import,0,W00,World,0,W00,World,H6,HS,TRUE,2604,Nickel ores and concentrates,4,FALSE,C00,TOTAL CPC,0,0,TOTAL MOT,8,kg,4,FALSE,8,kg,4,FALSE,4,FALSE,0,FALSE,169,,169,0,FALSE,TRUE
C,A,20240101,2024,52,2024,320,GTM,Guatemala,M,Import,344,HKG,"China, Hong Kong SAR",0,W00,World,H6,HS,TRUE,2604,Nickel ores and concentrates,4,FALSE,C00,TOTAL CPC,0,0,TOTAL MOT,8,kg,1,FALSE,8,kg,1,FALSE,1,FALSE,0,FALSE,20,,20,0,FALSE,TRUE
C,A,20240101,2024,52,2024,320,GTM,Guatemala,M,Import,591,PAN,Panama,0,W00,World,H6,HS,TRUE,2604,Nickel ores and concentrates,4,FALSE,C00,TOTAL CPC,0,0,TOTAL MOT,8,kg,3,FALSE,8,kg,3,FALSE,3,FALSE,0,FALSE,149,,149,0,FALSE,TRUE
C,A,20240101,2024,52,2024,348,HUN,Hungary,M,Import,0,W00,World,0,W00,World,H6,HS,TRUE,2604,Nickel ores and concentrates,4,FALSE,C00,TOTAL CPC,0,0,TOTAL MOT,8,kg,2,FALSE,8,kg,2,FALSE,2,FALSE,0,FALSE,2,,2,0,FALSE,TRUE
C,A,20240101,2024,52,2024,348,HUN,Hungary,M,Import,704,VNM,Viet Nam,0,W00,World,H6,HS,TRUE,2604,Nickel ores and concentrates,4,FALSE,C00,TOTAL CPC,0,0,TOTAL MOT,8,kg,2,FALSE,8,kg,2,FALSE,2,FALSE,0,FALSE,2,,2,0,FALSE,TRUE
C,A,20240101,2024,52,2024,360,IDN,Indonesia,M,Import,0,W00,World,0,W00,World,H6,HS,TRUE,2604,Nickel ores and concentrates,4,FALSE,C00,TOTAL CPC,0,0,TOTAL MOT,8,kg,10473669557,FALSE,8,kg,10473669557,FALSE,10473669557,FALSE,0,FALSE,460232254,,460232254,0,FALSE,TRUE
C,A,20240101,2024,52,2024,360,IDN,Indonesia,M,Import,36,AUS,Australia,0,W00,World,H6,HS,TRUE,2604,Nickel ores and concentrates,4,FALSE,C00,TOTAL CPC,0,0,TOTAL MOT,8,kg,908,FALSE,8,kg,908,FALSE,908,FALSE,0,FALSE,15290,,15290,0,FALSE,TRUE
C,A,20240101,2024,52,2024,360,IDN,Indonesia,M,Import,76,BRA,Brazil,0,W00,World,H6,HS,TRUE,2604,Nickel ores and concentrates,4,FALSE,C00,TOTAL CPC,0,0,TOTAL MOT,8,kg,6,FALSE,8,kg,6,FALSE,6,FALSE,0,FALSE,1510,,1510,0,FALSE,TRUE
C,A,20240101,2024,52,2024,360,IDN,Indonesia,M,Import,156,CHN,China,0,W00,World,H6,HS,TRUE,2604,Nickel ores and concentrates,4,FALSE,C00,TOTAL CPC,0,0,TOTAL MOT,8,kg,271324000,FALSE,8,kg,271324000,FALSE,271324000,FALSE,0,FALSE,11477142,,11477142,0,FALSE,TRUE
C,A,20240101,2024,52,2024,360,IDN,Indonesia,M,Import,410,KOR,Rep. of Korea,0,W00,World,H6,HS,TRUE,2604,Nickel ores and concentrates,4,FALSE,C00,TOTAL CPC,0,0,TOTAL MOT,8,kg,2,FALSE,8,kg,2,FALSE,2,FALSE,0,FALSE,37,,37,0,FALSE,TRUE
C,A,20240101,2024,52,2024,360,IDN,Indonesia,M,Import,490,S19,"Other Asia, nes",0,W00,World,H6,HS,TRUE,2604,Nickel ores and concentrates,4,FALSE,C00,TOTAL CPC,0,0,TOTAL MOT,8,kg,18331600,FALSE,8,kg,18331600,FALSE,18331600,FALSE,0,FALSE,3261708,,3261708,0,FALSE,TRUE
C,A,20240101,2024,52,2024,360,IDN,Indonesia,M,Import,540,NCL,New Caledonia,0,W00,World,H6,HS,TRUE,2604,Nickel ores and concentrates,4,FALSE,C00,TOTAL CPC,0,0,TOTAL MOT,8,kg,420,FALSE,8,kg,420,FALSE,420,FALSE,0,FALSE,10,,10,0,FALSE,TRUE
C,A,20240101,2024,52,2024,360,IDN,Indonesia,M,Import,608,PHL,Philippines,0,W00,World,H6,HS,TRUE,2604,Nickel ores and concentrates,4,FALSE,C00,TOTAL CPC,0,0,TOTAL MOT,8,kg,10184000000,FALSE,8,kg,10184000000,FALSE,10184000000,FALSE,0,FALSE,445091496,,445091496,0,FALSE,TRUE
C,A,20240101,2024,52,2024,360,IDN,Indonesia,M,Import,702,SGP,Singapore,0,W00,World,H6,HS,TRUE,2604,Nickel ores and concentrates,4,FALSE,C00,TOTAL CPC,0,0,TOTAL MOT,8,kg,12560,FALSE,8,kg,12560,FALSE,12560,FALSE,0,FALSE,346648,,346648,0,FALSE,TRUE
C,A,20240101,2024,52,2024,360,IDN,Indonesia,M,Import,842,USA,USA,0,W00,World,H6,HS,TRUE,2604,Nickel ores and concentrates,4,FALSE,C00,TOTAL CPC,0,0,TOTAL MOT,8,kg,61,FALSE,8,kg,61,FALSE,61,FALSE,0,FALSE,38413,,38413,0,FALSE,TRUE
C,A,20240101,2024,52,2024,372,IRL,Ireland,M,Import,0,W00,World,0,W00,World,H6,HS,TRUE,2604,Nickel ores and concentrates,4,FALSE,C00,TOTAL CPC,0,0,TOTAL MOT,8,kg,125,FALSE,8,kg,125,FALSE,125,FALSE,0,FALSE,2525.194,,2525.194,0,FALSE,TRUE
C,A,20240101,2024,52,2024,372,IRL,Ireland,M,Import,76,BRA,Brazil,0,W00,World,H6,HS,TRUE,2604,Nickel ores and concentrates,4,FALSE,C00,TOTAL CPC,0,0,TOTAL MOT,8,kg,24,FALSE,8,kg,24,FALSE,24,FALSE,0,FALSE,435.117,,435.117,0,FALSE,TRUE
C,A,20240101,2024,52,2024,372,IRL,Ireland,M,Import,842,USA,USA,0,W00,World,H6,HS,TRUE,2604,Nickel ores and concentrates,4,FALSE,C00,TOTAL CPC,0,0,TOTAL MOT,8,kg,101,FALSE,8,kg,101,FALSE,101,FALSE,0,FALSE,2090.077,,2090.077,0,FALSE,TRUE
C,A,20240101,2024,52,2024,380,ITA,Italy,M,Import,0,W00,World,0,W00,World,H6,HS,TRUE,2604,Nickel ores and concentrates,4,FALSE,C00,TOTAL CPC,0,0,TOTAL MOT,8,kg,22,FALSE,8,kg,22,FALSE,22,FALSE,0,FALSE,2499.216,,2499.216,0,FALSE,TRUE
C,A,20240101,2024,52,2024,380,ITA,Italy,M,Import,842,USA,USA,0,W00,World,H6,HS,TRUE,2604,Nickel ores and concentrates,4,FALSE,C00,TOTAL CPC,0,0,TOTAL MOT,8,kg,22,FALSE,8,kg,22,FALSE,22,FALSE,0,FALSE,2499.216,,2499.216,0,FALSE,TRUE
C,A,20240101,2024,52,2024,384,CIV,Côte d'Ivoire,M,Import,0,W00,World,0,W00,World,H6,HS,TRUE,2604,Nickel ores and concentrates,4,FALSE,C00,TOTAL CPC,0,0,TOTAL MOT,8,kg,6,FALSE,8,kg,6,FALSE,6,FALSE,0,FALSE,423.44,,423.44,0,FALSE,TRUE
C,A,20240101,2024,52,2024,384,CIV,Côte d'Ivoire,M,Import,710,ZAF,South Africa,0,W00,World,H6,HS,TRUE,2604,Nickel ores and concentrates,4,FALSE,C00,TOTAL CPC,0,0,TOTAL MOT,8,kg,6,FALSE,8,kg,6,FALSE,6,FALSE,0,FALSE,423.44,,423.44,0,FALSE,TRUE
C,A,20240101,2024,52,2024,392,JPN,Japan,M,Import,0,W00,World,0,W00,World,H6,HS,TRUE,2604,Nickel ores and concentrates,4,FALSE,C00,TOTAL CPC,0,0,TOTAL MOT,8,kg,589262188.8,TRUE,-1,N/A,0,FALSE,589262188.8,TRUE,0,FALSE,38623588.55,,38623588.55,6,FALSE,TRUE
C,A,20240101,2024,52,2024,392,JPN,Japan,M,Import,540,NCL,New Caledonia,0,W00,World,H6,HS,TRUE,2604,Nickel ores and concentrates,4,FALSE,C00,TOTAL CPC,0,0,TOTAL MOT,8,kg,282010000,FALSE,21,1000 KG,282010,FALSE,282010000,FALSE,0,FALSE,22696550.15,,22696550.15,0,FALSE,TRUE
C,A,20240101,2024,52,2024,392,JPN,Japan,M,Import,608,PHL,Philippines,0,W00,World,H6,HS,TRUE,2604,Nickel ores and concentrates,4,FALSE,C00,TOTAL CPC,0,0,TOTAL MOT,8,kg,307190000,FALSE,21,1000 KG,307190,FALSE,307190000,FALSE,0,FALSE,15922962.2,,15922962.2,0,FALSE,TRUE
C,A,20240101,2024,52,2024,392,JPN,Japan,M,Import,710,ZAF,South Africa,0,W00,World,H6,HS,TRUE,2604,Nickel ores and concentrates,4,FALSE,C00,TOTAL CPC,0,0,TOTAL MOT,8,kg,62188.76,TRUE,-1,N/A,0,FALSE,62188.76,TRUE,0,FALSE,4076.204,,4076.204,6,FALSE,TRUE
C,A,20240101,2024,52,2024,398,KAZ,Kazakhstan,M,Import,0,W00,World,0,W00,World,H6,HS,TRUE,2604,Nickel ores and concentrates,4,FALSE,C00,TOTAL CPC,0,0,TOTAL MOT,-1,N/A,0,FALSE,-1,N/A,0,FALSE,,FALSE,0,FALSE,1146.75,,1146.75,0,FALSE,TRUE
C,A,20240101,2024,52,2024,398,KAZ,Kazakhstan,M,Import,643,RUS,Russian Federation,0,W00,World,H6,HS,TRUE,2604,Nickel ores and concentrates,4,FALSE,C00,TOTAL CPC,0,0,TOTAL MOT,-1,N/A,0,FALSE,-1,N/A,0,FALSE,,FALSE,0,FALSE,1146.75,,1146.75,0,FALSE,TRUE
C,A,20240101,2024,52,2024,410,KOR,Rep. of Korea,M,Import,0,W00,World,0,W00,World,H6,HS,TRUE,2604,Nickel ores and concentrates,4,FALSE,C00,TOTAL CPC,0,0,TOTAL MOT,8,kg,2692847223,TRUE,-1,N/A,0,FALSE,2692847223,TRUE,0,FALSE,209196098,,209196098,6,FALSE,TRUE
C,A,20240101,2024,52,2024,410,KOR,Rep. of Korea,M,Import,124,CAN,Canada,0,W00,World,H6,HS,TRUE,2604,Nickel ores and concentrates,4,FALSE,C00,TOTAL CPC,0,0,TOTAL MOT,8,kg,98.005,FALSE,8,kg,98.005,FALSE,98.005,FALSE,0,FALSE,37,,37,0,FALSE,TRUE
C,A,20240101,2024,52,2024,410,KOR,Rep. of Korea,M,Import,156,CHN,China,0,W00,World,H6,HS,TRUE,2604,Nickel ores and concentrates,4,FALSE,C00,TOTAL CPC,0,0,TOTAL MOT,8,kg,90.97,FALSE,8,kg,90.97,FALSE,90.97,FALSE,0,FALSE,193,,193,0,FALSE,TRUE
C,A,20240101,2024,52,2024,410,KOR,Rep. of Korea,M,Import,246,FIN,Finland,0,W00,World,H6,HS,TRUE,2604,Nickel ores and concentrates,4,FALSE,C00,TOTAL CPC,0,0,TOTAL MOT,8,kg,3.91,FALSE,8,kg,3.91,FALSE,3.91,FALSE,0,FALSE,33,,33,0,FALSE,TRUE
C,A,20240101,2024,52,2024,410,KOR,Rep. of Korea,M,Import,251,FRA,France,0,W00,World,H6,HS,TRUE,2604,Nickel ores and concentrates,4,FALSE,C00,TOTAL CPC,0,0,TOTAL MOT,8,kg,1.955,FALSE,8,kg,1.955,FALSE,1.955,FALSE,0,FALSE,19,,19,0,FALSE,TRUE
C,A,20240101,2024,52,2024,410,KOR,Rep. of Korea,M,Import,360,IDN,Indonesia,0,W00,World,H6,HS,TRUE,2604,Nickel ores and concentrates,4,FALSE,C00,TOTAL CPC,0,0,TOTAL MOT,8,kg,56.525,FALSE,8,kg,56.525,FALSE,56.525,FALSE,0,FALSE,164,,164,0,FALSE,TRUE
C,A,20240101,2024,52,2024,410,KOR,Rep. of Korea,M,Import,392,JPN,Japan,0,W00,World,H6,HS,TRUE,2604,Nickel ores and concentrates,4,FALSE,C00,TOTAL CPC,0,0,TOTAL MOT,8,kg,56815.1,FALSE,8,kg,56815.1,FALSE,56815.1,FALSE,0,FALSE,32487,,32487,0,FALSE,TRUE
C,A,20240101,2024,52,2024,410,KOR,Rep. of Korea,M,Import,540,NCL,New Caledonia,0,W00,World,H6,HS,TRUE,2604,Nickel ores and concentrates,4,FALSE,C00,TOTAL CPC,0,0,TOTAL MOT,8,kg,2692586000,FALSE,8,kg,2692586000,FALSE,2692586000,FALSE,0,FALSE,208939778,,208939778,0,FALSE,TRUE
C,A,20240101,2024,52,2024,410,KOR,Rep. of Korea,M,Import,586,PAK,Pakistan,0,W00,World,H6,HS,TRUE,2604,Nickel ores and concentrates,4,FALSE,C00,TOTAL CPC,0,0,TOTAL MOT,8,kg,1.36,FALSE,8,kg,1.36,FALSE,1.36,FALSE,0,FALSE,25,,25,0,FALSE,TRUE
C,A,20240101,2024,52,2024,410,KOR,Rep. of Korea,M,Import,608,PHL,Philippines,0,W00,World,H6,HS,TRUE,2604,Nickel ores and concentrates,4,FALSE,C00,TOTAL CPC,0,0,TOTAL MOT,8,kg,201483.14,FALSE,8,kg,201483.14,FALSE,201483.14,FALSE,0,FALSE,213428,,213428,0,FALSE,TRUE
C,A,20240101,2024,52,2024,410,KOR,Rep. of Korea,M,Import,702,SGP,Singapore,0,W00,World,H6,HS,TRUE,2604,Nickel ores and concentrates,4,FALSE,C00,TOTAL CPC,0,0,TOTAL MOT,8,kg,2.04,FALSE,8,kg,2.04,FALSE,2.04,FALSE,0,FALSE,17,,17,0,FALSE,TRUE
C,A,20240101,2024,52,2024,410,KOR,Rep. of Korea,M,Import,704,VNM,Viet Nam,0,W00,World,H6,HS,TRUE,2604,Nickel ores and concentrates,4,FALSE,C00,TOTAL CPC,0,0,TOTAL MOT,8,kg,3.74,FALSE,8,kg,3.74,FALSE,3.74,FALSE,0,FALSE,24,,24,0,FALSE,TRUE
C,A,20240101,2024,52,2024,410,KOR,Rep. of Korea,M,Import,757,CHE,Switzerland,0,W00,World,H6,HS,TRUE,2604,Nickel ores and concentrates,4,FALSE,C00,TOTAL CPC,0,0,TOTAL MOT,8,kg,1.53,FALSE,8,kg,1.53,FALSE,1.53,FALSE,0,FALSE,24,,24,0,FALSE,TRUE
C,A,20240101,2024,52,2024,410,KOR,Rep. of Korea,M,Import,764,THA,Thailand,0,W00,World,H6,HS,TRUE,2604,Nickel ores and concentrates,4,FALSE,C00,TOTAL CPC,0,0,TOTAL MOT,8,kg,1,FALSE,8,kg,1,FALSE,1,FALSE,0,FALSE,14,,14,0,FALSE,TRUE
C,A,20240101,2024,52,2024,410,KOR,Rep. of Korea,M,Import,834,TZA,United Rep. of Tanzania,0,W00,World,H6,HS,TRUE,2604,Nickel ores and concentrates,4,FALSE,C00,TOTAL CPC,0,0,TOTAL MOT,8,kg,364.9,FALSE,8,kg,364.9,FALSE,364.9,FALSE,0,FALSE,2001,,2001,0,FALSE,TRUE
C,A,20240101,2024,52,2024,410,KOR,Rep. of Korea,M,Import,842,USA,USA,0,W00,World,H6,HS,TRUE,2604,Nickel ores and concentrates,4,FALSE,C00,TOTAL CPC,0,0,TOTAL MOT,8,kg,2298.757,TRUE,-1,N/A,0,FALSE,2298.757,TRUE,0,FALSE,7854,,7854,6,FALSE,TRUE
C,A,20240101,2024,52,2024,442,LUX,Luxembourg,M,Import,0,W00,World,0,W00,World,H6,HS,TRUE,2604,Nickel ores and concentrates,4,FALSE,C00,TOTAL CPC,0,0,TOTAL MOT,8,kg,201,FALSE,8,kg,201,FALSE,201,FALSE,0,FALSE,5119.876,5119.876,5119.876,0,FALSE,TRUE
C,A,20240101,2024,52,2024,442,LUX,Luxembourg,M,Import,251,FRA,France,0,W00,World,H6,HS,TRUE,2604,Nickel ores and concentrates,4,FALSE,C00,TOTAL CPC,0,0,TOTAL MOT,8,kg,200,FALSE,8,kg,200,FALSE,200,FALSE,0,FALSE,4995.943,4995.943,4995.943,0,FALSE,TRUE
C,A,20240101,2024,52,2024,442,LUX,Luxembourg,M,Import,276,DEU,Germany,0,W00,World,H6,HS,TRUE,2604,Nickel ores and concentrates,4,FALSE,C00,TOTAL CPC,0,0,TOTAL MOT,8,kg,1,FALSE,8,kg,1,FALSE,1,FALSE,0,FALSE,123.933,123.933,123.933,0,FALSE,TRUE
C,A,20240101,2024,52,2024,458,MYS,Malaysia,M,Import,0,W00,World,0,W00,World,H6,HS,TRUE,2604,Nickel ores and concentrates,4,FALSE,C00,TOTAL CPC,0,0,TOTAL MOT,-1,N/A,0,FALSE,-1,N/A,0,FALSE,,FALSE,0,FALSE,26242479.18,,26242479.18,0,FALSE,TRUE
C,A,20240101,2024,52,2024,458,MYS,Malaysia,M,Import,36,AUS,Australia,0,W00,World,H6,HS,TRUE,2604,Nickel ores and concentrates,4,FALSE,C00,TOTAL CPC,0,0,TOTAL MOT,8,kg,15685000,FALSE,8,kg,15685000,FALSE,15685000,FALSE,0,FALSE,24859732.86,,24859732.86,0,FALSE,TRUE
C,A,20240101,2024,52,2024,458,MYS,Malaysia,M,Import,276,DEU,Germany,0,W00,World,H6,HS,TRUE,2604,Nickel ores and concentrates,4,FALSE,C00,TOTAL CPC,0,0,TOTAL MOT,8,kg,409529,FALSE,8,kg,409529,FALSE,409529,FALSE,0,FALSE,913008.57,,913008.57,0,FALSE,TRUE
C,A,20240101,2024,52,2024,458,MYS,Malaysia,M,Import,372,IRL,Ireland,0,W00,World,H6,HS,TRUE,2604,Nickel ores and concentrates,4,FALSE,C00,TOTAL CPC,0,0,TOTAL MOT,8,kg,1206.86,FALSE,8,kg,1206.86,FALSE,1206.86,FALSE,0,FALSE,25843.955,,25843.955,0,FALSE,TRUE
C,A,20240101,2024,52,2024,458,MYS,Malaysia,M,Import,392,JPN,Japan,0,W00,World,H6,HS,TRUE,2604,Nickel ores and concentrates,4,FALSE,C00,TOTAL CPC,0,0,TOTAL MOT,8,kg,26492,FALSE,8,kg,26492,FALSE,26492,FALSE,0,FALSE,8178.649,,8178.649,0,FALSE,TRUE
C,A,20240101,2024,52,2024,458,MYS,Malaysia,M,Import,702,SGP,Singapore,0,W00,World,H6,HS,TRUE,2604,Nickel ores and concentrates,4,FALSE,C00,TOTAL CPC,0,0,TOTAL MOT,8,kg,20,FALSE,8,kg,20,FALSE,20,FALSE,0,FALSE,913.158,,913.158,0,FALSE,TRUE
C,A,20240101,2024,52,2024,458,MYS,Malaysia,M,Import,842,USA,USA,0,W00,World,H6,HS,TRUE,2604,Nickel ores and concentrates,4,FALSE,C00,TOTAL CPC,0,0,TOTAL MOT,-1,N/A,0,FALSE,-1,N/A,0,FALSE,,FALSE,0,FALSE,434801.988,,434801.988,0,FALSE,TRUE
C,A,20240101,2024,52,2024,490,S19,"Other Asia, nes",M,Import,0,W00,World,0,W00,World,H6,HS,TRUE,2604,Nickel ores and concentrates,4,FALSE,C00,TOTAL CPC,0,0,TOTAL MOT,-1,N/A,0,FALSE,-1,N/A,0,FALSE,,FALSE,0,FALSE,52495684.01,,52495684.01,0,FALSE,TRUE
C,A,20240101,2024,52,2024,490,S19,"Other Asia, nes",M,Import,36,AUS,Australia,0,W00,World,H6,HS,TRUE,2604,Nickel ores and concentrates,4,FALSE,C00,TOTAL CPC,0,0,TOTAL MOT,-1,N/A,0,FALSE,-1,N/A,0,FALSE,,FALSE,0,FALSE,52224505.13,,52224505.13,0,FALSE,TRUE
C,A,20240101,2024,52,2024,490,S19,"Other Asia, nes",M,Import,156,CHN,China,0,W00,World,H6,HS,TRUE,2604,Nickel ores and concentrates,4,FALSE,C00,TOTAL CPC,0,0,TOTAL MOT,-1,N/A,0,FALSE,-1,N/A,0,FALSE,,FALSE,0,FALSE,126508.61,,126508.61,0,FALSE,TRUE
C,A,20240101,2024,52,2024,490,S19,"Other Asia, nes",M,Import,360,IDN,Indonesia,0,W00,World,H6,HS,TRUE,2604,Nickel ores and concentrates,4,FALSE,C00,TOTAL CPC,0,0,TOTAL MOT,-1,N/A,0,FALSE,-1,N/A,0,FALSE,,FALSE,0,FALSE,144670.275,,144670.275,0,FALSE,TRUE
C,A,20240101,2024,52,2024,516,NAM,Namibia,M,Import,0,W00,World,0,W00,World,H6,HS,TRUE,2604,Nickel ores and concentrates,4,FALSE,C00,TOTAL CPC,0,0,TOTAL MOT,8,kg,92713140,FALSE,8,kg,92713140,FALSE,92713140,FALSE,0,FALSE,241839834.5,231784800,241839834.5,0,FALSE,TRUE
C,A,20240101,2024,52,2024,516,NAM,Namibia,M,Import,72,BWA,Botswana,0,W00,World,H6,HS,TRUE,2604,Nickel ores and concentrates,4,FALSE,C00,TOTAL CPC,0,0,TOTAL MOT,8,kg,3908080,FALSE,8,kg,3908080,FALSE,3908080,FALSE,0,FALSE,1162115.039,1106720.045,1162115.039,0,FALSE,TRUE
C,A,20240101,2024,52,2024,516,NAM,Namibia,M,Import,180,COD,Dem. Rep. of the Congo,0,W00,World,H6,HS,TRUE,2604,Nickel ores and concentrates,4,FALSE,C00,TOTAL CPC,0,0,TOTAL MOT,8,kg,703160,FALSE,8,kg,703160,FALSE,703160,FALSE,0,FALSE,2043526.347,1974072.948,2043526.347,0,FALSE,TRUE
C,A,20240101,2024,52,2024,516,NAM,Namibia,M,Import,894,ZMB,Zambia,0,W00,World,H6,HS,TRUE,2604,Nickel ores and concentrates,4,FALSE,C00,TOTAL CPC,0,0,TOTAL MOT,8,kg,88101900,FALSE,8,kg,88101900,FALSE,88101900,FALSE,0,FALSE,238634193.1,228704007,238634193.1,0,FALSE,TRUE
C,A,20240101,2024,52,2024,528,NLD,Netherlands,M,Import,0,W00,World,0,W00,World,H6,HS,TRUE,2604,Nickel ores and concentrates,4,FALSE,C00,TOTAL CPC,0,0,TOTAL MOT,-1,N/A,0,FALSE,-1,N/A,0,FALSE,,FALSE,0,FALSE,520267.816,,520267.816,0,FALSE,TRUE
C,A,20240101,2024,52,2024,528,NLD,Netherlands,M,Import,8,ALB,Albania,0,W00,World,H6,HS,TRUE,2604,Nickel ores and concentrates,4,FALSE,C00,TOTAL CPC,0,0,TOTAL MOT,8,kg,1,FALSE,8,kg,1,FALSE,1,FALSE,0,FALSE,21.648,,21.648,0,FALSE,TRUE
C,A,20240101,2024,52,2024,528,NLD,Netherlands,M,Import,40,AUT,Austria,0,W00,World,H6,HS,TRUE,2604,Nickel ores and concentrates,4,FALSE,C00,TOTAL CPC,0,0,TOTAL MOT,8,kg,52,FALSE,8,kg,52,FALSE,52,FALSE,0,FALSE,70.355,,70.355,0,FALSE,TRUE
C,A,20240101,2024,52,2024,528,NLD,Netherlands,M,Import,56,BEL,Belgium,0,W00,World,H6,HS,TRUE,2604,Nickel ores and concentrates,4,FALSE,C00,TOTAL CPC,0,0,TOTAL MOT,8,kg,641,FALSE,8,kg,641,FALSE,641,FALSE,0,FALSE,887.552,,887.552,0,FALSE,TRUE
C,A,20240101,2024,52,2024,528,NLD,Netherlands,M,Import,100,BGR,Bulgaria,0,W00,World,H6,HS,TRUE,2604,Nickel ores and concentrates,4,FALSE,C00,TOTAL CPC,0,0,TOTAL MOT,8,kg,12,FALSE,8,kg,12,FALSE,12,FALSE,0,FALSE,16.236,,16.236,0,FALSE,TRUE
C,A,20240101,2024,52,2024,528,NLD,Netherlands,M,Import,124,CAN,Canada,0,W00,World,H6,HS,TRUE,2604,Nickel ores and concentrates,4,FALSE,C00,TOTAL CPC,0,0,TOTAL MOT,8,kg,28,FALSE,8,kg,28,FALSE,28,FALSE,0,FALSE,16.236,,16.236,0,FALSE,TRUE
C,A,20240101,2024,52,2024,528,NLD,Netherlands,M,Import,156,CHN,China,0,W00,World,H6,HS,TRUE,2604,Nickel ores and concentrates,4,FALSE,C00,TOTAL CPC,0,0,TOTAL MOT,8,kg,211,FALSE,8,kg,211,FALSE,211,FALSE,0,FALSE,321.467,,321.467,0,FALSE,TRUE
C,A,20240101,2024,52,2024,528,NLD,Netherlands,M,Import,191,HRV,Croatia,0,W00,World,H6,HS,TRUE,2604,Nickel ores and concentrates,4,FALSE,C00,TOTAL CPC,0,0,TOTAL MOT,8,kg,4,FALSE,8,kg,4,FALSE,4,FALSE,0,FALSE,5.412,,5.412,0,FALSE,TRUE
C,A,20240101,2024,52,2024,528,NLD,Netherlands,M,Import,203,CZE,Czechia,0,W00,World,H6,HS,TRUE,2604,Nickel ores and concentrates,4,FALSE,C00,TOTAL CPC,0,0,TOTAL MOT,8,kg,361,FALSE,8,kg,361,FALSE,361,FALSE,0,FALSE,466.506,,466.506,0,FALSE,TRUE
C,A,20240101,2024,52,2024,528,NLD,Netherlands,M,Import,208,DNK,Denmark,0,W00,World,H6,HS,TRUE,2604,Nickel ores and concentrates,4,FALSE,C00,TOTAL CPC,0,0,TOTAL MOT,8,kg,67,FALSE,8,kg,67,FALSE,67,FALSE,0,FALSE,88.755,,88.755,0,FALSE,TRUE
C,A,20240101,2024,52,2024,528,NLD,Netherlands,M,Import,233,EST,Estonia,0,W00,World,H6,HS,TRUE,2604,Nickel ores and concentrates,4,FALSE,C00,TOTAL CPC,0,0,TOTAL MOT,8,kg,44,FALSE,8,kg,44,FALSE,44,FALSE,0,FALSE,55.201,,55.201,0,FALSE,TRUE
C,A,20240101,2024,52,2024,528,NLD,Netherlands,M,Import,246,FIN,Finland,0,W00,World,H6,HS,TRUE,2604,Nickel ores and concentrates,4,FALSE,C00,TOTAL CPC,0,0,TOTAL MOT,8,kg,27,FALSE,8,kg,27,FALSE,27,FALSE,0,FALSE,42.213,,42.213,0,FALSE,TRUE
C,A,20240101,2024,52,2024,528,NLD,Netherlands,M,Import,251,FRA,France,0,W00,World,H6,HS,TRUE,2604,Nickel ores and concentrates,4,FALSE,C00,TOTAL CPC,0,0,TOTAL MOT,8,kg,263,FALSE,8,kg,263,FALSE,263,FALSE,0,FALSE,369.092,,369.092,0,FALSE,TRUE
C,A,20240101,2024,52,2024,528,NLD,Netherlands,M,Import,276,DEU,Germany,0,W00,World,H6,HS,TRUE,2604,Nickel ores and concentrates,4,FALSE,C00,TOTAL CPC,0,0,TOTAL MOT,8,kg,324319,FALSE,8,kg,324319,FALSE,324319,FALSE,0,FALSE,497169.817,,497169.817,0,FALSE,TRUE
C,A,20240101,2024,52,2024,528,NLD,Netherlands,M,Import,300,GRC,Greece,0,W00,World,H6,HS,TRUE,2604,Nickel ores and concentrates,4,FALSE,C00,TOTAL CPC,0,0,TOTAL MOT,8,kg,9,FALSE,8,kg,9,FALSE,9,FALSE,0,FALSE,12.989,,12.989,0,FALSE,TRUE
C,A,20240101,2024,52,2024,528,NLD,Netherlands,M,Import,348,HUN,Hungary,0,W00,World,H6,HS,TRUE,2604,Nickel ores and concentrates,4,FALSE,C00,TOTAL CPC,0,0,TOTAL MOT,8,kg,226,FALSE,8,kg,226,FALSE,226,FALSE,0,FALSE,285.748,,285.748,0,FALSE,TRUE
C,A,20240101,2024,52,2024,528,NLD,Netherlands,M,Import,372,IRL,Ireland,0,W00,World,H6,HS,TRUE,2604,Nickel ores and concentrates,4,FALSE,C00,TOTAL CPC,0,0,TOTAL MOT,8,kg,64,FALSE,8,kg,64,FALSE,64,FALSE,0,FALSE,83.343,,83.343,0,FALSE,TRUE
C,A,20240101,2024,52,2024,528,NLD,Netherlands,M,Import,380,ITA,Italy,0,W00,World,H6,HS,TRUE,2604,Nickel ores and concentrates,4,FALSE,C00,TOTAL CPC,0,0,TOTAL MOT,8,kg,202,FALSE,8,kg,202,FALSE,202,FALSE,0,FALSE,271.677,,271.677,0,FALSE,TRUE
C,A,20240101,2024,52,2024,528,NLD,Netherlands,M,Import,410,KOR,Rep. of Korea,0,W00,World,H6,HS,TRUE,2604,Nickel ores and concentrates,4,FALSE,C00,TOTAL CPC,0,0,TOTAL MOT,8,kg,1,FALSE,8,kg,1,FALSE,1,FALSE,0,FALSE,1.082,,1.082,0,FALSE,TRUE
C,A,20240101,2024,52,2024,528,NLD,Netherlands,M,Import,428,LVA,Latvia,0,W00,World,H6,HS,TRUE,2604,Nickel ores and concentrates,4,FALSE,C00,TOTAL CPC,0,0,TOTAL MOT,8,kg,10,FALSE,8,kg,10,FALSE,10,FALSE,0,FALSE,15.153,,15.153,0,FALSE,TRUE
C,A,20240101,2024,52,2024,528,NLD,Netherlands,M,Import,440,LTU,Lithuania,0,W00,World,H6,HS,TRUE,2604,Nickel ores and concentrates,4,FALSE,C00,TOTAL CPC,0,0,TOTAL MOT,8,kg,18,FALSE,8,kg,18,FALSE,18,FALSE,0,FALSE,25.977,,25.977,0,FALSE,TRUE
C,A,20240101,2024,52,2024,528,NLD,Netherlands,M,Import,442,LUX,Luxembourg,0,W00,World,H6,HS,TRUE,2604,Nickel ores and concentrates,4,FALSE,C00,TOTAL CPC,0,0,TOTAL MOT,8,kg,2,FALSE,8,kg,2,FALSE,2,FALSE,0,FALSE,3.247,,3.247,0,FALSE,TRUE
C,A,20240101,2024,52,2024,528,NLD,Netherlands,M,Import,484,MEX,Mexico,0,W00,World,H6,HS,TRUE,2604,Nickel ores and concentrates,4,FALSE,C00,TOTAL CPC,0,0,TOTAL MOT,8,kg,2,FALSE,8,kg,2,FALSE,2,FALSE,0,FALSE,86.59,,86.59,0,FALSE,TRUE
C,A,20240101,2024,52,2024,528,NLD,Netherlands,M,Import,490,S19,"Other Asia, nes",0,W00,World,H6,HS,TRUE,2604,Nickel ores and concentrates,4,FALSE,C00,TOTAL CPC,0,0,TOTAL MOT,8,kg,1,FALSE,8,kg,1,FALSE,1,FALSE,0,FALSE,86.59,,86.59,0,FALSE,TRUE
C,A,20240101,2024,52,2024,528,NLD,Netherlands,M,Import,516,NAM,Namibia,0,W00,World,H6,HS,TRUE,2604,Nickel ores and concentrates,4,FALSE,C00,TOTAL CPC,0,0,TOTAL MOT,8,kg,1,FALSE,8,kg,1,FALSE,1,FALSE,0,FALSE,3.247,,3.247,0,FALSE,TRUE
C,A,20240101,2024,52,2024,528,NLD,Netherlands,M,Import,616,POL,Poland,0,W00,World,H6,HS,TRUE,2604,Nickel ores and concentrates,4,FALSE,C00,TOTAL CPC,0,0,TOTAL MOT,8,kg,171,FALSE,8,kg,171,FALSE,171,FALSE,0,FALSE,248.948,,248.948,0,FALSE,TRUE
C,A,20240101,2024,52,2024,528,NLD,Netherlands,M,Import,620,PRT,Portugal,0,W00,World,H6,HS,TRUE,2604,Nickel ores and concentrates,4,FALSE,C00,TOTAL CPC,0,0,TOTAL MOT,8,kg,28,FALSE,8,kg,28,FALSE,28,FALSE,0,FALSE,40.048,,40.048,0,FALSE,TRUE
C,A,20240101,2024,52,2024,528,NLD,Netherlands,M,Import,642,ROU,Romania,0,W00,World,H6,HS,TRUE,2604,Nickel ores and concentrates,4,FALSE,C00,TOTAL CPC,0,0,TOTAL MOT,8,kg,20,FALSE,8,kg,20,FALSE,20,FALSE,0,FALSE,28.142,,28.142,0,FALSE,TRUE
C,A,20240101,2024,52,2024,528,NLD,Netherlands,M,Import,688,SRB,Serbia,0,W00,World,H6,HS,TRUE,2604,Nickel ores and concentrates,4,FALSE,C00,TOTAL CPC,0,0,TOTAL MOT,-1,N/A,0,FALSE,-1,N/A,0,FALSE,,FALSE,0,FALSE,79.014,,79.014,0,FALSE,TRUE
C,A,20240101,2024,52,2024,528,NLD,Netherlands,M,Import,703,SVK,Slovakia,0,W00,World,H6,HS,TRUE,2604,Nickel ores and concentrates,4,FALSE,C00,TOTAL CPC,0,0,TOTAL MOT,8,kg,25,FALSE,8,kg,25,FALSE,25,FALSE,0,FALSE,32.471,,32.471,0,FALSE,TRUE
C,A,20240101,2024,52,2024,528,NLD,Netherlands,M,Import,704,VNM,Viet Nam,0,W00,World,H6,HS,TRUE,2604,Nickel ores and concentrates,4,FALSE,C00,TOTAL CPC,0,0,TOTAL MOT,8,kg,1,FALSE,8,kg,1,FALSE,1,FALSE,0,FALSE,4.33,,4.33,0,FALSE,TRUE
C,A,20240101,2024,52,2024,528,NLD,Netherlands,M,Import,705,SVN,Slovenia,0,W00,World,H6,HS,TRUE,2604,Nickel ores and concentrates,4,FALSE,C00,TOTAL CPC,0,0,TOTAL MOT,8,kg,140,FALSE,8,kg,140,FALSE,140,FALSE,0,FALSE,182.922,,182.922,0,FALSE,TRUE
C,A,20240101,2024,52,2024,528,NLD,Netherlands,M,Import,710,ZAF,South Africa,0,W00,World,H6,HS,TRUE,2604,Nickel ores and concentrates,4,FALSE,C00,TOTAL CPC,0,0,TOTAL MOT,8,kg,4,FALSE,8,kg,4,FALSE,4,FALSE,0,FALSE,43.295,,43.295,0,FALSE,TRUE
C,A,20240101,2024,52,2024,528,NLD,Netherlands,M,Import,724,ESP,Spain,0,W00,World,H6,HS,TRUE,2604,Nickel ores and concentrates,4,FALSE,C00,TOTAL CPC,0,0,TOTAL MOT,8,kg,114,FALSE,8,kg,114,FALSE,114,FALSE,0,FALSE,163.439,,163.439,0,FALSE,TRUE
C,A,20240101,2024,52,2024,528,NLD,Netherlands,M,Import,752,SWE,Sweden,0,W00,World,H6,HS,TRUE,2604,Nickel ores and concentrates,4,FALSE,C00,TOTAL CPC,0,0,TOTAL MOT,8,kg,48,FALSE,8,kg,48,FALSE,48,FALSE,0,FALSE,67.108,,67.108,0,FALSE,TRUE
C,A,20240101,2024,52,2024,528,NLD,Netherlands,M,Import,826,GBR,United Kingdom,0,W00,World,H6,HS,TRUE,2604,Nickel ores and concentrates,4,FALSE,C00,TOTAL CPC,0,0,TOTAL MOT,8,kg,11,FALSE,8,kg,11,FALSE,11,FALSE,0,FALSE,454.6,,454.6,0,FALSE,TRUE
C,A,20240101,2024,52,2024,528,NLD,Netherlands,M,Import,842,USA,USA,0,W00,World,H6,HS,TRUE,2604,Nickel ores and concentrates,4,FALSE,C00,TOTAL CPC,0,0,TOTAL MOT,8,kg,10445,FALSE,8,kg,10445,FALSE,10445,FALSE,0,FALSE,15173.892,,15173.892,0,FALSE,TRUE
C,A,20240101,2024,52,2024,528,NLD,Netherlands,M,Import,894,ZMB,Zambia,0,W00,World,H6,HS,TRUE,2604,Nickel ores and concentrates,4,FALSE,C00,TOTAL CPC,0,0,TOTAL MOT,8,kg,41,FALSE,8,kg,41,FALSE,41,FALSE,0,FALSE,3343.473,,3343.473,0,FALSE,TRUE
C,A,20240101,2024,52,2024,554,NZL,New Zealand,M,Import,0,W00,World,0,W00,World,H6,HS,TRUE,2604,Nickel ores and concentrates,4,FALSE,C00,TOTAL CPC,0,0,TOTAL MOT,8,kg,1,FALSE,8,kg,1,FALSE,1,FALSE,48,FALSE,49.022,49.022,49.022,0,FALSE,TRUE
C,A,20240101,2024,52,2024,554,NZL,New Zealand,M,Import,842,USA,USA,0,W00,World,H6,HS,TRUE,2604,Nickel ores and concentrates,4,FALSE,C00,TOTAL CPC,0,0,TOTAL MOT,8,kg,1,FALSE,8,kg,1,FALSE,1,FALSE,48,FALSE,49.022,49.022,49.022,0,FALSE,TRUE
C,A,20240101,2024,52,2024,604,PER,Peru,M,Import,0,W00,World,0,W00,World,H6,HS,TRUE,2604,Nickel ores and concentrates,4,FALSE,C00,TOTAL CPC,0,0,TOTAL MOT,8,kg,12782.37,FALSE,8,kg,12782.37,FALSE,12782.37,FALSE,0,FALSE,53811.716,12906.03,53811.716,0,FALSE,TRUE
C,A,20240101,2024,52,2024,604,PER,Peru,M,Import,76,BRA,Brazil,0,W00,World,H6,HS,TRUE,2604,Nickel ores and concentrates,4,FALSE,C00,TOTAL CPC,0,0,TOTAL MOT,8,kg,12682.37,FALSE,8,kg,12682.37,FALSE,12682.37,FALSE,0,FALSE,50959.313,11103.03,50959.313,0,FALSE,TRUE
C,A,20240101,2024,52,2024,604,PER,Peru,M,Import,156,CHN,China,0,W00,World,H6,HS,TRUE,2604,Nickel ores and concentrates,4,FALSE,C00,TOTAL CPC,0,0,TOTAL MOT,8,kg,100,FALSE,8,kg,100,FALSE,100,FALSE,0,FALSE,2852.403,1803,2852.403,0,FALSE,TRUE
C,A,20240101,2024,52,2024,620,PRT,Portugal,M,Import,0,W00,World,0,W00,World,H6,HS,TRUE,2604,Nickel ores and concentrates,4,FALSE,C00,TOTAL CPC,0,0,TOTAL MOT,8,kg,5129,FALSE,8,kg,5129,FALSE,5129,FALSE,0,FALSE,53916.312,,53916.312,0,FALSE,TRUE
C,A,20240101,2024,52,2024,620,PRT,Portugal,M,Import,124,CAN,Canada,0,W00,World,H6,HS,TRUE,2604,Nickel ores and concentrates,4,FALSE,C00,TOTAL CPC,0,0,TOTAL MOT,8,kg,187,FALSE,8,kg,187,FALSE,187,FALSE,0,FALSE,1837.973,,1837.973,0,FALSE,TRUE
C,A,20240101,2024,52,2024,620,PRT,Portugal,M,Import,724,ESP,Spain,0,W00,World,H6,HS,TRUE,2604,Nickel ores and concentrates,4,FALSE,C00,TOTAL CPC,0,0,TOTAL MOT,8,kg,4942,FALSE,8,kg,4942,FALSE,4942,FALSE,0,FALSE,52078.34,,52078.34,0,FALSE,TRUE
C,A,20240101,2024,52,2024,642,ROU,Romania,M,Import,0,W00,World,0,W00,World,H6,HS,TRUE,2604,Nickel ores and concentrates,4,FALSE,C00,TOTAL CPC,0,0,TOTAL MOT,8,kg,3171,FALSE,8,kg,3171,FALSE,3171,FALSE,0,FALSE,62096.11,59593.2,62096.11,0,FALSE,TRUE
C,A,20240101,2024,52,2024,642,ROU,Romania,M,Import,276,DEU,Germany,0,W00,World,H6,HS,TRUE,2604,Nickel ores and concentrates,4,FALSE,C00,TOTAL CPC,0,0,TOTAL MOT,8,kg,83,FALSE,8,kg,83,FALSE,83,FALSE,0,FALSE,1891.48,1815.24,1891.48,0,FALSE,TRUE
C,A,20240101,2024,52,2024,642,ROU,Romania,M,Import,528,NLD,Netherlands,0,W00,World,H6,HS,TRUE,2604,Nickel ores and concentrates,4,FALSE,C00,TOTAL CPC,0,0,TOTAL MOT,8,kg,3088,FALSE,8,kg,3088,FALSE,3088,FALSE,0,FALSE,60204.63,57777.96,60204.63,0,FALSE,TRUE
C,A,20240101,2024,52,2024,682,SAU,Saudi Arabia,M,Import,0,W00,World,0,W00,World,H6,HS,TRUE,2604,Nickel ores and concentrates,4,FALSE,C00,TOTAL CPC,0,0,TOTAL MOT,8,kg,1403161.289,TRUE,-1,N/A,0,FALSE,1403161.289,TRUE,0,FALSE,122114.93,,122114.93,6,FALSE,TRUE
C,A,20240101,2024,52,2024,682,SAU,Saudi Arabia,M,Import,156,CHN,China,0,W00,World,H6,HS,TRUE,2604,Nickel ores and concentrates,4,FALSE,C00,TOTAL CPC,0,0,TOTAL MOT,8,kg,600,FALSE,8,kg,600,FALSE,600,FALSE,0,FALSE,2695.467,,2695.467,0,FALSE,TRUE
C,A,20240101,2024,52,2024,682,SAU,Saudi Arabia,M,Import,276,DEU,Germany,0,W00,World,H6,HS,TRUE,2604,Nickel ores and concentrates,4,FALSE,C00,TOTAL CPC,0,0,TOTAL MOT,8,kg,560,FALSE,8,kg,560,FALSE,560,FALSE,0,FALSE,3740.533,,3740.533,0,FALSE,TRUE
C,A,20240101,2024,52,2024,682,SAU,Saudi Arabia,M,Import,490,S19,"Other Asia, nes",0,W00,World,H6,HS,TRUE,2604,Nickel ores and concentrates,4,FALSE,C00,TOTAL CPC,0,0,TOTAL MOT,8,kg,400,FALSE,8,kg,400,FALSE,400,FALSE,0,FALSE,706.667,,706.667,0,FALSE,TRUE
C,A,20240101,2024,52,2024,682,SAU,Saudi Arabia,M,Import,699,IND,India,0,W00,World,H6,HS,TRUE,2604,Nickel ores and concentrates,4,FALSE,C00,TOTAL CPC,0,0,TOTAL MOT,8,kg,1139216.553,TRUE,-1,N/A,0,FALSE,1139216.553,TRUE,0,FALSE,92137.331,,92137.331,6,FALSE,TRUE
C,A,20240101,2024,52,2024,682,SAU,Saudi Arabia,M,Import,842,USA,USA,0,W00,World,H6,HS,TRUE,2604,Nickel ores and concentrates,4,FALSE,C00,TOTAL CPC,0,0,TOTAL MOT,8,kg,262384.735,TRUE,-1,N/A,0,FALSE,262384.735,TRUE,0,FALSE,22834.933,,22834.933,6,FALSE,TRUE
C,A,20240101,2024,52,2024,688,SRB,Serbia,M,Import,0,W00,World,0,W00,World,H6,HS,TRUE,2604,Nickel ores and concentrates,4,FALSE,C00,TOTAL CPC,0,0,TOTAL MOT,8,kg,11,FALSE,8,kg,11,FALSE,11,FALSE,0,FALSE,1635,1492,1635,0,FALSE,TRUE
C,A,20240101,2024,52,2024,688,SRB,Serbia,M,Import,36,AUS,Australia,0,W00,World,H6,HS,TRUE,2604,Nickel ores and concentrates,4,FALSE,C00,TOTAL CPC,0,0,TOTAL MOT,8,kg,11,FALSE,8,kg,11,FALSE,11,FALSE,0,FALSE,1635,1492,1635,0,FALSE,TRUE
C,A,20240101,2024,52,2024,699,IND,India,M,Import,0,W00,World,0,W00,World,H6,HS,TRUE,2604,Nickel ores and concentrates,4,FALSE,C00,TOTAL CPC,0,0,TOTAL MOT,8,kg,8458,FALSE,8,kg,8458,FALSE,8458,FALSE,0,FALSE,35944.828,,35944.828,0,FALSE,TRUE
C,A,20240101,2024,52,2024,699,IND,India,M,Import,251,FRA,France,0,W00,World,H6,HS,TRUE,2604,Nickel ores and concentrates,4,FALSE,C00,TOTAL CPC,0,0,TOTAL MOT,8,kg,14,FALSE,8,kg,14,FALSE,14,FALSE,0,FALSE,109.818,,109.818,0,FALSE,TRUE
C,A,20240101,2024,52,2024,699,IND,India,M,Import,276,DEU,Germany,0,W00,World,H6,HS,TRUE,2604,Nickel ores and concentrates,4,FALSE,C00,TOTAL CPC,0,0,TOTAL MOT,8,kg,8441,FALSE,8,kg,8441,FALSE,8441,FALSE,0,FALSE,35762.999,,35762.999,0,FALSE,TRUE
C,A,20240101,2024,52,2024,699,IND,India,M,Import,842,USA,USA,0,W00,World,H6,HS,TRUE,2604,Nickel ores and concentrates,4,FALSE,C00,TOTAL CPC,0,0,TOTAL MOT,8,kg,3,FALSE,8,kg,3,FALSE,3,FALSE,0,FALSE,72.012,,72.012,0,FALSE,TRUE
C,A,20240101,2024,52,2024,710,ZAF,South Africa,M,Import,0,W00,World,0,W00,World,H6,HS,TRUE,2604,Nickel ores and concentrates,4,FALSE,C00,TOTAL CPC,0,0,TOTAL MOT,-1,N/A,0,FALSE,-1,N/A,0,FALSE,,FALSE,0,FALSE,,1942842.104,1942842.104,0,FALSE,TRUE
C,A,20240101,2024,52,2024,710,ZAF,South Africa,M,Import,40,AUT,Austria,0,W00,World,H6,HS,TRUE,2604,Nickel ores and concentrates,4,FALSE,C00,TOTAL CPC,0,0,TOTAL MOT,-1,N/A,0,FALSE,-1,N/A,0,FALSE,,FALSE,0,FALSE,,109.294,109.294,0,FALSE,TRUE
C,A,20240101,2024,52,2024,710,ZAF,South Africa,M,Import,124,CAN,Canada,0,W00,World,H6,HS,TRUE,2604,Nickel ores and concentrates,4,FALSE,C00,TOTAL CPC,0,0,TOTAL MOT,-1,N/A,0,FALSE,-1,N/A,0,FALSE,,FALSE,0,FALSE,,1337.3,1337.3,0,FALSE,TRUE
C,A,20240101,2024,52,2024,710,ZAF,South Africa,M,Import,246,FIN,Finland,0,W00,World,H6,HS,TRUE,2604,Nickel ores and concentrates,4,FALSE,C00,TOTAL CPC,0,0,TOTAL MOT,-1,N/A,0,FALSE,-1,N/A,0,FALSE,,FALSE,0,FALSE,,10.7,10.7,0,FALSE,TRUE
C,A,20240101,2024,52,2024,710,ZAF,South Africa,M,Import,384,CIV,Côte d'Ivoire,0,W00,World,H6,HS,TRUE,2604,Nickel ores and concentrates,4,FALSE,C00,TOTAL CPC,0,0,TOTAL MOT,-1,N/A,0,FALSE,-1,N/A,0,FALSE,,FALSE,0,FALSE,,994.896,994.896,0,FALSE,TRUE
C,A,20240101,2024,52,2024,710,ZAF,South Africa,M,Import,528,NLD,Netherlands,0,W00,World,H6,HS,TRUE,2604,Nickel ores and concentrates,4,FALSE,C00,TOTAL CPC,0,0,TOTAL MOT,-1,N/A,0,FALSE,-1,N/A,0,FALSE,,FALSE,0,FALSE,,1936679.309,1936679.309,0,FALSE,TRUE
C,A,20240101,2024,52,2024,710,ZAF,South Africa,M,Import,716,ZWE,Zimbabwe,0,W00,World,H6,HS,TRUE,2604,Nickel ores and concentrates,4,FALSE,C00,TOTAL CPC,0,0,TOTAL MOT,-1,N/A,0,FALSE,-1,N/A,0,FALSE,,FALSE,0,FALSE,,3150.594,3150.594,0,FALSE,TRUE
C,A,20240101,2024,52,2024,710,ZAF,South Africa,M,Import,839,XX ,Special Categories,0,W00,World,H6,HS,TRUE,2604,Nickel ores and concentrates,4,FALSE,C00,TOTAL CPC,0,0,TOTAL MOT,-1,N/A,0,FALSE,-1,N/A,0,FALSE,,FALSE,0,FALSE,,2.73,2.73,0,FALSE,TRUE
C,A,20240101,2024,52,2024,710,ZAF,South Africa,M,Import,894,ZMB,Zambia,0,W00,World,H6,HS,TRUE,2604,Nickel ores and concentrates,4,FALSE,C00,TOTAL CPC,0,0,TOTAL MOT,-1,N/A,0,FALSE,-1,N/A,0,FALSE,,FALSE,0,FALSE,,557.281,557.281,0,FALSE,TRUE
C,A,20240101,2024,52,2024,716,ZWE,Zimbabwe,M,Import,0,W00,World,0,W00,World,H6,HS,TRUE,2604,Nickel ores and concentrates,4,FALSE,C00,TOTAL CPC,0,0,TOTAL MOT,8,kg,1000,FALSE,21,1000 KG,1,FALSE,2,FALSE,0,FALSE,58.498,,58.498,0,FALSE,TRUE
C,A,20240101,2024,52,2024,716,ZWE,Zimbabwe,M,Import,710,ZAF,South Africa,0,W00,World,H6,HS,TRUE,2604,Nickel ores and concentrates,4,FALSE,C00,TOTAL CPC,0,0,TOTAL MOT,8,kg,1000,FALSE,21,1000 KG,1,FALSE,2,FALSE,0,FALSE,58.498,,58.498,0,FALSE,TRUE
C,A,20240101,2024,52,2024,724,ESP,Spain,M,Import,0,W00,World,0,W00,World,H6,HS,TRUE,2604,Nickel ores and concentrates,4,FALSE,C00,TOTAL CPC,0,0,TOTAL MOT,-1,N/A,0,FALSE,-1,N/A,0,FALSE,,FALSE,0,FALSE,5090313.01,,5090313.01,0,FALSE,TRUE
C,A,20240101,2024,52,2024,724,ESP,Spain,M,Import,251,FRA,France,0,W00,World,H6,HS,TRUE,2604,Nickel ores and concentrates,4,FALSE,C00,TOTAL CPC,0,0,TOTAL MOT,8,kg,2200,FALSE,8,kg,2200,FALSE,2200,FALSE,0,FALSE,42397.022,,42397.022,0,FALSE,TRUE
C,A,20240101,2024,52,2024,724,ESP,Spain,M,Import,276,DEU,Germany,0,W00,World,H6,HS,TRUE,2604,Nickel ores and concentrates,4,FALSE,C00,TOTAL CPC,0,0,TOTAL MOT,-1,N/A,0,FALSE,-1,N/A,0,FALSE,,FALSE,0,FALSE,515.167,,515.167,0,FALSE,TRUE
C,A,20240101,2024,52,2024,724,ESP,Spain,M,Import,376,ISR,Israel,0,W00,World,H6,HS,TRUE,2604,Nickel ores and concentrates,4,FALSE,C00,TOTAL CPC,0,0,TOTAL MOT,8,kg,1,FALSE,8,kg,1,FALSE,1,FALSE,0,FALSE,134.736,,134.736,0,FALSE,TRUE
C,A,20240101,2024,52,2024,724,ESP,Spain,M,Import,392,JPN,Japan,0,W00,World,H6,HS,TRUE,2604,Nickel ores and concentrates,4,FALSE,C00,TOTAL CPC,0,0,TOTAL MOT,8,kg,110,FALSE,8,kg,110,FALSE,110,FALSE,0,FALSE,1115.17,,1115.17,0,FALSE,TRUE
C,A,20240101,2024,52,2024,724,ESP,Spain,M,Import,528,NLD,Netherlands,0,W00,World,H6,HS,TRUE,2604,Nickel ores and concentrates,4,FALSE,C00,TOTAL CPC,0,0,TOTAL MOT,8,kg,348582,FALSE,8,kg,348582,FALSE,348582,FALSE,0,FALSE,5046150.916,,5046150.916,0,FALSE,TRUE
C,A,20240101,2024,52,2024,752,SWE,Sweden,M,Import,0,W00,World,0,W00,World,H6,HS,TRUE,2604,Nickel ores and concentrates,4,FALSE,C00,TOTAL CPC,0,0,TOTAL MOT,-1,N/A,0,FALSE,-1,N/A,0,FALSE,,FALSE,0,FALSE,1040.914,,1040.914,0,FALSE,TRUE
C,A,20240101,2024,52,2024,752,SWE,Sweden,M,Import,156,CHN,China,0,W00,World,H6,HS,TRUE,2604,Nickel ores and concentrates,4,FALSE,C00,TOTAL CPC,0,0,TOTAL MOT,-1,N/A,0,FALSE,-1,N/A,0,FALSE,,FALSE,0,FALSE,378.514,,378.514,0,FALSE,TRUE
C,A,20240101,2024,52,2024,752,SWE,Sweden,M,Import,579,NOR,Norway,0,W00,World,H6,HS,TRUE,2604,Nickel ores and concentrates,4,FALSE,C00,TOTAL CPC,0,0,TOTAL MOT,8,kg,1132.532,TRUE,-1,N/A,0,FALSE,1132.532,TRUE,0,FALSE,283.886,,283.886,6,FALSE,TRUE
C,A,20240101,2024,52,2024,752,SWE,Sweden,M,Import,826,GBR,United Kingdom,0,W00,World,H6,HS,TRUE,2604,Nickel ores and concentrates,4,FALSE,C00,TOTAL CPC,0,0,TOTAL MOT,-1,N/A,0,FALSE,-1,N/A,0,FALSE,,FALSE,0,FALSE,378.514,,378.514,0,FALSE,TRUE
C,A,20240101,2024,52,2024,757,CHE,Switzerland,M,Import,0,W00,World,0,W00,World,H6,HS,TRUE,2604,Nickel ores and concentrates,4,FALSE,C00,TOTAL CPC,0,0,TOTAL MOT,-1,N/A,0,FALSE,-1,N/A,0,FALSE,,FALSE,0,FALSE,300.986,,300.986,0,FALSE,TRUE
C,A,20240101,2024,52,2024,757,CHE,Switzerland,M,Import,276,DEU,Germany,0,W00,World,H6,HS,TRUE,2604,Nickel ores and concentrates,4,FALSE,C00,TOTAL CPC,0,0,TOTAL MOT,-1,N/A,0,FALSE,-1,N/A,0,FALSE,,FALSE,0,FALSE,300.986,,300.986,0,FALSE,TRUE
C,A,20240101,2024,52,2024,764,THA,Thailand,M,Import,0,W00,World,0,W00,World,H6,HS,TRUE,2604,Nickel ores and concentrates,4,FALSE,C00,TOTAL CPC,0,0,TOTAL MOT,8,kg,53740,FALSE,8,kg,53740,FALSE,53740,FALSE,0,FALSE,92735.44,,92735.44,0,FALSE,TRUE
C,A,20240101,2024,52,2024,764,THA,Thailand,M,Import,458,MYS,Malaysia,0,W00,World,H6,HS,TRUE,2604,Nickel ores and concentrates,4,FALSE,C00,TOTAL CPC,0,0,TOTAL MOT,8,kg,1,FALSE,8,kg,1,FALSE,1,FALSE,0,FALSE,4.28,,4.28,0,FALSE,TRUE
C,A,20240101,2024,52,2024,764,THA,Thailand,M,Import,484,MEX,Mexico,0,W00,World,H6,HS,TRUE,2604,Nickel ores and concentrates,4,FALSE,C00,TOTAL CPC,0,0,TOTAL MOT,8,kg,49738,FALSE,8,kg,49738,FALSE,49738,FALSE,0,FALSE,20821.37,,20821.37,0,FALSE,TRUE
C,A,20240101,2024,52,2024,764,THA,Thailand,M,Import,490,S19,"Other Asia, nes",0,W00,World,H6,HS,TRUE,2604,Nickel ores and concentrates,4,FALSE,C00,TOTAL CPC,0,0,TOTAL MOT,8,kg,4000,FALSE,8,kg,4000,FALSE,4000,FALSE,0,FALSE,71898.86,,71898.86,0,FALSE,TRUE
C,A,20240101,2024,52,2024,764,THA,Thailand,M,Import,842,USA,USA,0,W00,World,H6,HS,TRUE,2604,Nickel ores and concentrates,4,FALSE,C00,TOTAL CPC,0,0,TOTAL MOT,8,kg,1,FALSE,8,kg,1,FALSE,1,FALSE,0,FALSE,10.93,,10.93,0,FALSE,TRUE
C,A,20240101,2024,52,2024,792,TUR,Türkiye,M,Import,0,W00,World,0,W00,World,H6,HS,TRUE,2604,Nickel ores and concentrates,4,FALSE,C00,TOTAL CPC,0,0,TOTAL MOT,8,kg,2540,FALSE,8,kg,2540,FALSE,2540,FALSE,0,FALSE,702,255.16,702,0,FALSE,TRUE
C,A,20240101,2024,52,2024,792,TUR,Türkiye,M,Import,320,GTM,Guatemala,0,W00,World,H6,HS,TRUE,2604,Nickel ores and concentrates,4,FALSE,C00,TOTAL CPC,0,0,TOTAL MOT,8,kg,119,FALSE,8,kg,119,FALSE,119,FALSE,0,FALSE,389,10,389,0,FALSE,TRUE
C,A,20240101,2024,52,2024,792,TUR,Türkiye,M,Import,688,SRB,Serbia,0,W00,World,H6,HS,TRUE,2604,Nickel ores and concentrates,4,FALSE,C00,TOTAL CPC,0,0,TOTAL MOT,8,kg,2415,FALSE,8,kg,2415,FALSE,2415,FALSE,0,FALSE,308,242.16,308,0,FALSE,TRUE
C,A,20240101,2024,52,2024,792,TUR,Türkiye,M,Import,842,USA,USA,0,W00,World,H6,HS,TRUE,2604,Nickel ores and concentrates,4,FALSE,C00,TOTAL CPC,0,0,TOTAL MOT,8,kg,6,FALSE,8,kg,6,FALSE,6,FALSE,0,FALSE,5,3,5,0,FALSE,TRUE
C,A,20240101,2024,52,2024,826,GBR,United Kingdom,M,Import,0,W00,World,0,W00,World,H6,HS,TRUE,2604,Nickel ores and concentrates,4,FALSE,C00,TOTAL CPC,0,0,TOTAL MOT,-1,N/A,0,FALSE,-1,N/A,0,FALSE,,FALSE,0,FALSE,1927.816,,1927.816,0,FALSE,TRUE
C,A,20240101,2024,52,2024,826,GBR,United Kingdom,M,Import,842,USA,USA,0,W00,World,H6,HS,TRUE,2604,Nickel ores and concentrates,4,FALSE,C00,TOTAL CPC,0,0,TOTAL MOT,-1,N/A,0,FALSE,-1,N/A,0,FALSE,,FALSE,0,FALSE,1927.816,,1927.816,0,FALSE,TRUE
C,A,20240101,2024,52,2024,842,USA,USA,M,Import,0,W00,World,0,W00,World,H6,HS,TRUE,2604,Nickel ores and concentrates,4,FALSE,C00,TOTAL CPC,0,0,TOTAL MOT,-1,N/A,0,FALSE,-1,N/A,0,FALSE,,FALSE,0,FALSE,458982,415140,458982,0,FALSE,TRUE
C,A,20240101,2024,52,2024,842,USA,USA,M,Import,40,AUT,Austria,0,W00,World,H6,HS,TRUE,2604,Nickel ores and concentrates,4,FALSE,C00,TOTAL CPC,0,0,TOTAL MOT,-1,N/A,0,FALSE,-1,N/A,0,FALSE,,FALSE,0,FALSE,2730,2704,2730,0,FALSE,TRUE
C,A,20240101,2024,52,2024,842,USA,USA,M,Import,124,CAN,Canada,0,W00,World,H6,HS,TRUE,2604,Nickel ores and concentrates,4,FALSE,C00,TOTAL CPC,0,0,TOTAL MOT,8,kg,14488.703,TRUE,-1,N/A,0,FALSE,14488.703,TRUE,0,FALSE,30375,27759,30375,6,FALSE,TRUE
C,A,20240101,2024,52,2024,842,USA,USA,M,Import,156,CHN,China,0,W00,World,H6,HS,TRUE,2604,Nickel ores and concentrates,4,FALSE,C00,TOTAL CPC,0,0,TOTAL MOT,8,kg,7278.969,TRUE,-1,N/A,0,FALSE,7278.969,TRUE,0,FALSE,66046,32523,66046,6,FALSE,TRUE
C,A,20240101,2024,52,2024,842,USA,USA,M,Import,251,FRA,France,0,W00,World,H6,HS,TRUE,2604,Nickel ores and concentrates,4,FALSE,C00,TOTAL CPC,0,0,TOTAL MOT,-1,N/A,0,FALSE,-1,N/A,0,FALSE,,FALSE,0,FALSE,3152,3077,3152,0,FALSE,TRUE
C,A,20240101,2024,52,2024,842,USA,USA,M,Import,276,DEU,Germany,0,W00,World,H6,HS,TRUE,2604,Nickel ores and concentrates,4,FALSE,C00,TOTAL CPC,0,0,TOTAL MOT,8,kg,150,FALSE,8,kg,150,FALSE,150,FALSE,0,FALSE,11072,10222,11072,0,FALSE,TRUE
C,A,20240101,2024,52,2024,842,USA,USA,M,Import,380,ITA,Italy,0,W00,World,H6,HS,TRUE,2604,Nickel ores and concentrates,4,FALSE,C00,TOTAL CPC,0,0,TOTAL MOT,8,kg,69220,FALSE,8,kg,69220,FALSE,69220,FALSE,0,FALSE,327174,321497,327174,0,FALSE,TRUE
C,A,20240101,2024,52,2024,842,USA,USA,M,Import,484,MEX,Mexico,0,W00,World,H6,HS,TRUE,2604,Nickel ores and concentrates,4,FALSE,C00,TOTAL CPC,0,0,TOTAL MOT,8,kg,264,FALSE,8,kg,264,FALSE,264,FALSE,0,FALSE,14112,13112,14112,0,FALSE,TRUE
C,A,20240101,2024,52,2024,842,USA,USA,M,Import,792,TUR,Türkiye,0,W00,World,H6,HS,TRUE,2604,Nickel ores and concentrates,4,FALSE,C00,TOTAL CPC,0,0,TOTAL MOT,-1,N/A,0,FALSE,-1,N/A,0,FALSE,,FALSE,0,FALSE,4321,4246,4321,0,FALSE,TRUE
C,A,20240101,2024,52,2024,894,ZMB,Zambia,M,Import,0,W00,World,0,W00,World,H6,HS,TRUE,2604,Nickel ores and concentrates,4,FALSE,C00,TOTAL CPC,0,0,TOTAL MOT,8,kg,35.63,FALSE,8,kg,35.63,FALSE,35.63,FALSE,0,FALSE,226.87,,226.87,0,FALSE,TRUE
C,A,20240101,2024,52,2024,894,ZMB,Zambia,M,Import,710,ZAF,South Africa,0,W00,World,H6,HS,TRUE,2604,Nickel ores and concentrates,4,FALSE,C00,TOTAL CPC,0,0,TOTAL MOT,8,kg,35.63,FALSE,8,kg,35.63,FALSE,35.63,FALSE,0,FALSE,226.87,,226.87,0,FALSE,TRUE
